word_2025,count
x,3
índice,17
presentación,6
cien,9
compromisos,10
segundo,6
piso,10
transformación,54
diagnóstico,11
nación,23
dónde,3
estamos,5
eje,57
general,43
gobernanza,19
justicia,91
participación,76
ciudadana,26
desarrollo,253
bienestar,131
humanismo,20
economía,44
moral,11
trabajo,65
sustentable,55
transversal,23
igualdad,55
sustantiva,30
derechos,157
mujeres,187
innovación,44
pública,65
tecnológico,26
comunidades,82
indígenas,112
afromexicanas,55
rumbo,3
futuro,14
objetivos,19
estrategias,17
medición,5
progreso,10
indicadores,13
seguimiento,7
visión,18
largo,23
plazo,15
plan,30
anexo,6
sistema,80
planeación,22
democrática,18
resultados,12
pnd,17
guía,4
acciones,47
gobierno,100
próximos,2
años,61
estos,24
consisten,1
consolidar,25
bajo,26
modelo,40
social,133
sustentabilidad,7
documento,4
enriquecido,2
diálogo,8
consulta,16
reafirma,2
compromiso,13
pueblo,46
gobernar,2
honestidad,7
democracia,19
eficiencia,19
humanista,19
camino,4
pacífica,5
implicado,1
décadas,8
lucha,4
popular,19
enfrentando,4
autoritarismo,1
corrupción,34
régimen,4
triunfo,1
movimiento,2
político,20
encabezado,2
andrés,3
manuel,3
lópez,7
obrador,7
inició,2
cuarta,15
llamada,1
contener,1
cambios,8
promovidos,1
apoyo,23
dimensiones,1
históricas,6
trata,6
cambio,33
separar,2
poder,35
económico,59
acabando,1
captura,2
parte,19
intereses,11
privados,3
extranjeros,5
estableci,1
miento,3
democrático,8
servicio,13
interés,11
público,54
recupera,1
ndo,7
rectoría,3
estado,63
procuración,2
cambia,1
subordinación,3
exterior,18
defensa,14
firme,1
soberanía,34
descartar,1
coordinación,32
internacional,21
implica,11
principio,10
bien,11
todos,56
primero,4
pobres,6
crearon,3
programas,61
sociales,30
universales,6
sectores,41
vulnerables,11
ahora,4
constitucionales,6
duplicado,2
salarios,13
trabajadores,33
familias,29
promovido,2
consumo,14
fortalec,1
ido,1
mercado,23
interno,11
procura,2
do,3
alimentaria,18
energética,27
impulso,13
industria,25
inversión,33
estimula,2
regiones,30
genera,10
empleos,20
mientras,12
confianza,18
extranjera,6
encima,5
tendencia,5
histórica,8
hay,8
prosperidad,15
compartida,8
mundo,14
global,17
promovemos,1
relación,9
abierta,1
todas,59
naciones,5
partiendo,1
nuestra,32
vinculación,2
región,7
américa,16
norte,5
estados,23
unidos,14
canadá,2
siempre,11
defendiendo,1
poniendo,2
delante,1
dignidad,7
mexicano,36
vive,3
momento,6
clave,34
historia,11
pues,4
hoy,7
consolida,2
basado,8
éste,1
reconoce,1
crecimiento,25
ir,6
mano,8
personas,142
protección,59
nuestros,4
recursos,62
naturales,35
garantizará,3
fortalecerá,6
hará,2
rector,2
vida,67
puede,10
medirse,1
solo,45
términos,9
numéricos,1
calidad,62
persona,4
equidad,15
género,42
acceso,174
vivienda,47
adecuada,16
servicios,126
públicos,48
disfrute,3
medio,21
ambiente,17
sano,2
respeto,41
pueblos,82
afromexicanos,31
fines,2
garantizar,146
derecho,78
libre,37
expresión,3
ideas,1
creación,26
artística,15
identidad,15
individual,2
colectiva,9
cultivo,1
memoria,5
patrimonio,26
cultural,61
natural,11
proyecto,9
inspira,4
tiene,23
raíces,1
afanes,1
construir,12
integridad,7
territorial,20
soberano,6
s,65
omos,1
grandeza,2
milenaria,1
arraigada,1
prácticas,16
comunitarias,10
espíritu,2
resistencia,1
política,67
patria,8
inspiran,1
mexicanos,37
dado,5
ejemplo,2
marcaron,1
construcción,39
soberana,9
independiente,7
forjada,1
luchas,1
revolucionarias,1
movimientos,3
populares,1
jornadas,3
independencia,5
reforma,13
revolución,2
m,4
exicana,1
primer,7
profundo,5
logró,2
recuperación,8
salario,22
mínimo,15
reales,5
ampliación,8
pensiones,9
becas,9
jóvenes,28
revalorización,5
energético,13
infraestructura,60
regional,38
frontal,2
contra,20
misión,1
avances,12
permanencia,5
profundizar,2
aquello,1
siguen,9
siendo,19
urgentes,1
significa,7
fortalecer,134
seguridad,84
sostenibilidad,10
iniciada,2
tenido,3
logros,3
importantes,4
reconocidos,2
internacionalmente,1
según,18
banco,5
mundial,7
millones,62
superaron,1
condición,12
pobreza,49
administración,27
l,18
entonces,5
presidente,7
trabajó,1
mejorar,53
condiciones,56
menos,30
tienen,8
gobernó,1
todo,19
vio,3
beneficiada,1
nuevo,11
promueve,4
apoya,1
transferencias,2
mueven,1
economías,4
locales,14
regionales,11
sociedad,41
mejora,14
ingresos,32
vez,8
impulsa,2
privada,6
actualmente,11
décimo,2
segunda,1
sexto,1
destino,4
turístico,8
nivel,54
mejor,7
comunicados,1
obras,6
carreteras,4
ferroviarias,1
aeroportuarias,1
construyeron,3
kilómetros,4
vías,3
unir,1
mitad,8
artesanal,1
tiempo,19
récord,2
ingenieros,1
militares,1
aeropuerto,3
felipe,2
ángeles,1
tulum,1
carrillo,1
puerto,4
tendieron,2
km,5
ren,1
maya,4
conectadas,1
tren,7
interoceánico,3
comunica,1
golfo,1
océano,1
pacífico,4
k,3
llega,1
guatemala,3
cerró,1
reservas,4
internacionales,18
dólares,4
inicio,3
directa,9
alcanzó,3
seis,6
exportaciones,11
alcanzaron,1
cifras,5
superar,1
entorno,11
consolidó,2
principal,7
socio,2
comercial,3
finalmente,9
deuda,5
producto,5
bruto,4
pib,18
bajas,4
países,14
miembros,3
organización,6
cooperación,12
ocde,3
financiero,3
mantuvo,2
sólido,1
moneda,1
mostró,1
fortaleza,1
diferencia,5
acontecido,1
durante,17
periodo,11
neoliberal,13
impulsó,2
fortalecieron,2
petróleos,1
pemex,7
comisión,12
electricidad,7
cfe,9
petrolera,1
tomada,1
financieras,2
precarias,3
reducido,2
produce,1
combustibles,8
consumimos,1
gasolinazos,1
aumentos,3
abruptos,1
tarifas,1
revirtió,1
daño,5
causado,1
época,2
trabajadoras,10
mejoraron,1
adquisitivo,8
creció,3
pesos,13
diarios,2
mensuales,2
aumento,8
alto,20
mejoró,1
clima,1
econ,1
ómico,1
generar,10
inflación,5
círculo,4
virtuoso,3
llegando,1
registrados,3
instituto,10
seguro,11
imss,13
desempleo,1
disminuyó,5
bajos,12
proponemos,1
perseverar,2
apoyos,17
beneficio,7
situación,30
vulnerabilidad,22
están,8
garantizados,1
constitución,7
cpeum,8
n,13
recibieron,1
algún,13
programa,80
pensión,13
beca,3
adultos,6
mayores,28
reciben,11
estudiantes,16
obtenido,1
capacitados,1
aprendices,1
conseguido,1
empleo,21
millón,8
niñas,24
niños,26
discapacidad,9
directo,5
cual,6
carácter,4
universal,13
r,3
epública,2
vamos,4
campo,12
productores,12
cuentan,7
productivos,7
compra,6
cosechas,1
precios,17
justos,7
fertilizante,1
gratuito,1
sembrando,2
plantado,1
árboles,1
hectáreas,6
nuevas,14
áreas,20
protegidas,7
alcanzan,1
territorio,22
materia,18
salud,104
continuaremos,2
personal,8
médico,3
aumentó,3
enfermería,1
servidoras,1
servidores,3
benefician,2
edades,1
población,117
garantizado,2
atención,60
médica,9
medicamentos,7
gratuitos,4
reafirmar,1
nueva,12
escuela,14
mexicana,21
basada,9
educación,77
planes,15
estudio,4
enfoque,49
impr,1
eso,5
libros,2
texto,1
materias,1
adicionalmente,1
rehabilitaron,1
planteles,3
dialogó,1
maestros,5
basificó,1
profesores,1
quienes,12
ingreso,17
nunca,7
habido,2
realidad,6
ninguna,4
contradicción,1
mayoría,9
cuando,4
va,7
empresarios,2
bancos,1
igualmente,1
aument,1
porque,3
paradigmas,1
eran,6
falsos,1
nosotros,2
emprendemos,1
obra,4
cambiado,2
inspirada,1
fecunda,2
amor,4
nutre,2
regenerando,1
ética,7
confrontación,1
valores,3
aplicación,3
principios,14
dos,7
cultura,37
efecto,11
marcha,4
formas,6
pensar,1
permit,1
conciencias,2
gran,11
tradición,1
reciprocidad,2
solidaridad,2
identifican,2
nuestro,12
seguimos,1
constru,1
yendo,1
fortuna,1
sea,6
toda,20
satisfacción,1
estar,2
uno,15
mismo,8
nuestras,4
demás,2
ayudar,1
necesita,1
olo,2
deber,1
felicidad,4
escribió,1
poeta,1
cubano,1
josé,2
martí,1
trabajamos,1
valor,49
promover,62
sentido,6
comunidad,15
disidencia,1
diversidad,21
activa,5
participativa,13
debilite,1
manipulaciones,1
informativa,1
promueva,6
debate,3
informado,2
temas,10
anterior,8
reforzado,2
ejercicio,27
individuales,4
colectivos,5
espacio,3
fortalece,3
formación,23
ciudadanía,20
común,2
herramienta,6
arte,2
creatividad,3
infancia,12
educado,1
cultivado,1
incluye,9
integra,1
identidades,3
culturas,6
segund,1
continuar,6
elegida,1
libremente,2
parafraseando,1
maría,1
morelos,3
electoral,6
desplegaron,1
labios,1
ación,1
reclamar,1
voto,4
oída,1
separación,3
neoliberalismo,1
provoca,1
desigualdad,25
islas,1
rodeadas,1
mares,1
concentrar,1
riqueza,6
unas,2
cuantas,1
manos,1
forma,6
excluyente,1
clasista,1
elitis,1
ta,3
oligárquico,1
domina,1
idea,1
sálvese,1
quien,3
pueda,6
dividida,1
ganadores,1
perdedores,1
individualista,1
dinero,3
cosas,1
gente,5
naturaleza,3
etapa,4
capturado,1
económicos,16
empresariales,2
principales,13
beneficiarios,2
presupuesto,3
creando,2
fortunas,1
costa,2
turno,1
entregaba,1
contratos,1
facilitaba,1
negocios,3
empresa,2
acto,2
republicano,1
hizo,4
declarar,1
abandonar,1
frente,6
grandes,8
nacionales,21
sirviendo,1
auténticamente,1
iniciado,2
frenó,1
decadencia,1
cayeron,1
muchos,4
mitos,1
engaños,1
pasado,4
tanto,10
le,3
costó,1
decía,2
debía,1
diluirse,1
subordinarse,1
fuerzas,6
regaba,1
arriba,3
iba,2
llegar,1
abajo,1
aumentaba,1
provocaría,1
privado,15
era,9
participaba,1
haber,4
crisis,3
ec,1
onómica,1
devaluación,1
inherente,1
libertad,9
sólo,2
existía,1
justo,16
sujetos,16
pudiera,1
comprarlos,1
odo,1
cambió,1
depende,4
haya,1
elevar,3
pone,2
interna,1
rico,2
p,14
ueblo,1
pobre,2
ineludible,2
enunciado,1
benito,4
juárez,4
gobiernos,7
ransformación,1
gobernante,1
aprender,1
vivir,3
justa,17
medianía,1
lujos,2
parafernalias,1
privilegios,5
austeridad,7
republicana,6
acabaron,1
prebendas,1
alta,6
burocracia,2
carga,15
funcionarios,3
deben,9
tener,3
ventajas,3
gobernantes,2
honrados,1
honestos,1
recuperar,3
ético,1
objetivo,130
prioridad,9
instituciones,26
democráticas,1
comprometidos,1
norma,1
atentos,1
eficientes,3
ciudadanos,6
corregidora,1
josefa,1
ortiz,1
premiarse,1
sirve,2
castigar,1
ella,1
usados,1
promoción,19
funcionario,2
alguno,1
delito,3
ensucia,1
combatir,6
pero,14
hemos,1
visto,2
obtener,4
necesarios,3
pocas,2
palabras,1
da,2
autoridad,4
importante,5
esquina,1
construye,2
mística,1
luchar,1
honradez,4
días,4
defendemos,1
máximo,3
regresando,1
nada,1
esencia,3
garantizaremos,4
libertades,7
prensa,1
reunión,2
movilización,1
somos,9
demócratas,1
respetarán,1
humanos,44
usaremos,2
fuerza,7
reprimir,2
respetaremos,2
emos,1
religiosa,2
sexual,12
cuidado,21
pueden,5
fortalecerse,2
prioritario,5
transición,13
energías,12
limpias,10
protegen,2
ecosistemas,23
garantiza,2
agua,44
hace,7
efectos,4
climático,18
tenemos,4
históricamente,11
negado,1
plenos,1
impulsamos,1
ámbitos,17
queremos,2
paz,19
fraternidad,3
coordinamos,1
mas,2
subordinamos,1
seguirá,3
autodeterminación,2
pueb,1
intervención,3
solución,2
controversias,2
paisanos,2
migrantes,9
héroes,3
heroínas,3
contribuyen,2
caso,3
políticas,56
migratorias,1
defenderemos,2
prestaremos,1
ayuda,3
jurídica,16
cualquier,8
tipo,10
consulados,3
eguiremos,1
fortaleciendo,19
económica,37
latina,4
caribe,2
une,2
diferentes,5
odio,1
esperanza,1
fundan,1
prójimo,1
familia,4
procurar,1
condenamos,1
clasismo,2
racismo,3
machismo,2
discriminación,20
reconocer,7
desigualdades,19
llevarán,1
injusticia,1
iguales,2
ley,13
debemos,1
vernos,1
ojos,1
corresponde,4
oportunidades,23
orienta,1
define,1
corto,1
mediano,1
instrumentos,14
cumplir,3
establecida,2
enriquecer,1
formulación,1
instrumentación,1
control,10
evaluación,5
destacar,2
llevaron,2
cabo,8
analizar,1
problemas,10
proponer,3
soluciones,3
foros,7
obresalió,1
foro,3
indígena,16
asistencia,5
entusiasmo,1
cerca,2
afromexicano,1
primera,14
articula,1
cuatro,8
ejes,10
generales,8
tres,25
transversales,4
estructuran,1
conjunto,2
punto,3
partida,2
eficiente,36
garantizarse,1
integral,65
atienda,1
causas,10
violencia,46
fortalezca,4
capacidades,17
haremos,2
digitalización,7
ambiciosa,1
simplificaremos,1
trámites,32
pagos,2
impuestos,4
serán,11
optimizar,10
brindar,8
cercano,8
transparente,9
práctica,3
ampliarse,1
niveles,29
corazón,1
meta,74
reducir,48
erradicar,20
perpetúan,7
fortalecerán,4
sean,9
acción,1
públic,2
mantendrán,2
rogramas,1
incremento,5
anual,60
esté,3
debajo,2
h,4
congreso,2
unión,2
aprobó,1
revertir,5
seguirán,1
preparatorias,2
públicas,37
escasos,1
construyendo,2
producción,68
pesca,4
fertilizantes,4
garantía,2
clínica,1
aremos,1
nuevos,7
odas,1
tendrán,1
bimestral,3
reconocimiento,23
mexicanas,17
asisten,1
escuelas,16
preescolar,2
primaria,2
secundaria,3
recibirán,1
comenzando,2
próximo,1
año,35
felices,1
ellas,5
ellos,2
presente,4
llevaremos,1
prevención,21
casa,3
contratar,1
médicos,2
enfermer,2
as,12
os,4
consolidaremos,1
gratuita,2
aumentaremos,1
número,54
universidades,2
llegue,1
superior,25
espacios,26
amplía,1
media,13
primarias,3
extenderán,3
horarios,3
incluir,3
deportes,3
artes,5
mer,1
cancías,1
convertiremos,1
potencia,5
científica,19
tecnológica,29
apoyaremos,1
ciencias,4
básicas,10
humanidades,3
vincularemos,1
prioritarios,11
tesón,1
capacidad,21
sobra,1
estoy,1
convencida,1
posicionaremos,1
vanguardia,3
pensadores,1
innovadoras,1
innovadores,3
tiempos,9
prehispánicos,1
tecnológicos,4
creativos,1
buscaremos,1
formal,10
comunitaria,10
remuneración,6
artistas,3
promoveremos,1
círculos,2
lectura,8
cuidados,33
transformaciones,1
sexenio,5
reconociendo,5
redistribuyendo,1
niña,2
joven,1
mujer,4
vea,3
limitada,2
autonomía,37
falta,26
reconozcan,2
digno,10
crecer,2
quedó,1
atrás,6
lugar,11
centro,8
consolidará,3
asegurando,66
mínimos,5
superen,1
garanticen,5
digna,4
trabajaremos,1
empresarial,2
siga,1
aumentando,3
alcanzar,6
canastas,5
laborales,30
cerrando,2
brechas,21
promoviendo,45
formalización,3
construiremos,3
viviendas,31
especialmente,25
esquemas,9
puedan,6
rentar,1
después,2
adquirir,5
desean,1
créditos,3
costo,6
mejoramiento,3
masivo,2
escr,1
ituración,1
motor,2
impulsando,9
proyectos,35
estratégicos,29
fomenten,7
industrialización,3
contenido,12
relocalización,7
inversiones,9
representa,13
oportunidad,4
única,2
productiva,16
avance,78
agregado,11
respetará,1
banxico,2
mantendrá,2
equilibrio,4
respecto,33
marco,19
destaca,2
conformación,2
iniciativa,1
contempla,2
colaboración,5
cuyo,4
fomentar,35
equitativo,26
aprovechamiento,10
propia,2
reduciendo,5
importaciones,5
innecesarias,1
busca,22
impulsar,53
formales,4
aumentar,9
procesos,24
simplificar,2
administrativos,9
estas,21
consolidarse,2
diez,11
cuenta,18
múltiples,3
tratados,2
comerciales,2
ubicación,3
estratégica,5
permite,4
comerciar,1
diversos,8
alrededor,1
aprovechando,1
incentivar,3
empresas,29
fundamental,37
generaciones,8
presentes,4
futuras,8
estratégico,6
energía,34
transmisión,5
generación,18
ambicioso,3
fuentes,12
renovables,13
contribuyan,6
disminuir,4
gases,10
invernadero,10
provocan,1
específica,1
contemplan,2
apuntan,1
megawatts,1
adicionales,4
fortalecimiento,31
potencial,7
líder,1
deberá,2
eléctrica,6
moderna,2
electrificación,7
transporte,23
d,6
tecnologías,17
proporción,12
actual,10
reglas,3
claras,2
garantizando,58
estabilidad,9
sis,1
tema,3
eléctrico,5
convienen,1
fuertes,1
limpia,4
actuales,2
petróleo,1
establecerá,1
barriles,1
preservación,9
requieren,6
incluyendo,9
racional,1
reforestar,1
án,1
bosques,3
selvas,3
ampliará,2
yucatán,2
terminará,1
ixtepec,1
ciudad,15
hidalgo,4
frontera,3
trenes,3
pasajeros,14
pachuca,1
laredo,1
nogales,1
veracruz,2
significan,1
turismo,6
seguiremos,1
caminos,4
artesanales,3
conectar,3
puertos,6
aeropuertos,4
generen,3
fortalezcan,5
conec,1
tividad,1
potencien,1
avanzaremos,1
autosuficiencia,10
mejoraremos,1
campesinos,1
permitiremos,1
siembra,1
maíz,10
genéticamente,1
modificado,1
seremos,1
autosuficientes,1
blanco,4
frijol,9
otros,22
cultivos,5
distribuidora,1
impulsora,1
conasupo,1
sa,1
cv,1
transforma,1
alimentación,7
comercio,8
productos,20
agropecuarios,5
seguir,2
atendie,1
tula,4
circular,5
quiere,1
decir,4
complejo,2
ambiental,23
aprovechar,7
residuos,10
tratamiento,2
reciclados,1
permi,1
tirá,1
contaminación,10
contaminada,1
convertirá,1
ordenarán,1
concesiones,2
acuerdo,11
humano,8
recurso,5
potable,6
tecnificaremos,1
riego,9
desarrollaremos,1
abastecimiento,4
reciclamiento,2
sanear,1
ríos,4
contaminados,4
disminución,3
delitos,10
impacto,18
regresará,3
irresponsable,1
guerra,1
narcotráfico,1
convicción,1
fruto,2
estrategia,261
consiste,1
dando,1
posibilidad,2
tengan,8
inteligencia,13
investigación,18
guardia,9
cero,1
impunidad,10
municipios,7
ministerio,2
fiscalía,1
república,47
fiscalías,3
estatales,15
respetando,7
construirá,1
judicial,10
federación,11
eligiendo,1
jueces,3
magistrados,2
ministros,3
termine,1
proceso,14
decidirá,1
buscamos,1
representación,10
reelección,2
ningún,3
cargo,4
elección,9
partir,7
constancia,1
mantener,6
honesto,9
nepotismo,6
buscando,1
prohibir,2
familiar,7
candidato,1
elecciones,2
inmediatas,2
municipal,12
gobernador,1
impidiendo,3
heren,1
cia,1
encargos,1
suman,2
pilares,2
refuerzan,1
eliminación,2
cierre,6
salariales,3
igualitaria,5
fundamentales,7
junto,1
istema,1
reformas,10
garantí,1
violencias,12
horizonte,1
reconocerán,1
agrarios,5
labores,10
acompañarán,1
elaboración,7
difusión,1
cartilla,2
respaldadas,2
redes,6
cuidadoras,4
necesidad,8
permitirá,16
digital,20
ciberseguridad,7
análisis,1
datos,11
ofrecer,8
mejores,5
ciencia,4
tecnología,10
palancas,1
industrial,13
reconfiguración,3
cadenas,15
productivas,9
modernización,13
acceda,1
púb,1
licos,1
rápida,4
segura,8
histórico,3
saldarse,1
constitucional,10
marca,1
hito,1
plena,9
ejercer,6
determinación,13
implementación,20
consolidación,13
diseñadas,1
lingüístico,1
bía,1
gobernado,1
llegamos,2
conducir,1
destinos,1
hermosa,1
llegué,1
sola,1
maravilloso,2
extraordinario,1
aquí,1
originarias,1
dieron,4
cacao,1
jitomate,1
civilizaciones,1
mosaico,1
biodiversidad,10
fuerte,2
gracias,5
nuestr,1
paisan,2
viven,5
envían,1
meses,5
hombre,1
libres,3
luchado,1
cientos,1
hombres,28
orgullosos,1
herederos,1
generoso,1
solidario,3
alegre,1
libertario,1
resistente,1
rebelde,1
sabio,1
empoderado,1
nd,2
exige,3
garantice,15
hacer,1
lleguen,3
sigue,16
luchan,1
trabajan,6
claudia,3
sheinbaum,3
pardo,3
presidenta,3
dra,1
fundamenta,1
c,9
ien,1
mismos,1
agrupan,1
catorce,1
repúblicas,1
fundamentan,1
i,6
honesta,3
responsable,77
mantendremos,3
división,2
sustentado,1
sensible,3
combate,7
apego,2
verdad,4
desaparecidos,2
ayotzinapa,2
puestos,5
pleno,28
aumentarán,3
energéticos,3
canasta,3
básica,5
grande,3
ii,2
fraterna,2
continúan,3
básico,2
domiciliaria,1
financiera,11
palabra,3
artesanas,2
prohibición,2
maltrato,2
animales,1
iii,3
educadora,3
continúa,3
desaparece,1
u,14
nidad,14
carrera,1
maestras,3
contratación,3
ponernos,1
pila,1
deporte,7
comunitario,14
deportistas,1
rendimiento,1
iv,2
lectora,6
v,4
sana,2
crearán,1
farmacias,1
primeros,8
exámenes,1
laboratorio,2
centros,11
hospitales,2
obesidad,3
hipertensión,2
diabetes,3
inauguración,1
unidades,4
médicas,4
issste,1
vi,1
casas,2
escrituración,2
urbana,6
vii,1
secretaría,19
semujeres,10
reconocidas,1
poyo,1
dif,1
viii,1
mejorarán,1
aum,1
ento,1
progresivo,2
docentes,3
guardi,1
soldados,1
marinos,5
obligatoria,1
instauración,1
paulatina,1
semana,9
laboral,56
horas,11
fuente,67
altos,7
hornos,1
ahmsa,1
rescate,4
mineros,1
pinabete,1
ix,1
rural,16
precio,3
tortilla,3
jornaleros,1
agrícolas,6
pequeños,7
medianos,6
semillas,2
cosechando,1
crea,1
especial,25
campeche,2
tabasco,3
producir,2
arroz,6
leche,3
carne,5
priorizará,1
paneles,1
solares,1
petroquímicos,2
xi,1
próspera,2
conectada,3
incentivos,2
franjas,1
fronterizas,1
puentes,2
fronterizos,1
conclusión,2
líneas,2
ferrocarril,5
rehabilitación,3
federales,19
continuará,2
distribuidores,1
viales,1
urbanas,7
salina,2
cruz,2
aviación,1
remodelació,1
juáre,1
z,1
internet,18
consejo,3
crear,12
polos,4
parques,2
industriales,9
sonora,4
balsas,1
sur,3
michoacán,2
guerrero,4
oaxaca,2
xii,1
protege,2
limpieza,1
saneamiento,8
atmosférica,2
león,2
guadalajara,1
plantas,2
recicladoras,1
basura,1
reforestación,1
xiii,1
ordenamiento,14
tecnificación,3
distritos,7
entidades,22
xiv,1
fortaleceremos,1
fortaleci,1
lograr,11
originarios,8
milenarias,1
resistido,1
caminar,1
imperativos,1
éticos,1
toman,2
firmes,1
construimos,1
g,2
obierno,2
actuará,2
obligada,1
tal,2
separó,1
iglesia,1
someteremos,1
políticos,6
trabaja,1
supremo,1
gobernamos,1
escritorio,1
respetamos,1
protesta,1
distinción,5
orientación,2
raza,1
creencias,1
rechazamos,1
obligación,3
velar,1
ratificamos,1
normal,1
acompañando,1
aquellas,6
víctimas,9
desaparición,1
forzada,1
búsqueda,4
localización,2
reparación,9
apegada,1
defender,2
relaciones,7
trabajador,2
devolvió,1
orgullo,1
nuest,1
ro,1
podrá,4
arrebatar,1
estaremos,1
agradecidos,1
admirados,1
dan,2
embajadas,1
migratoria,3
viajan,1
integran,1
requiere,16
contar,5
eficaz,2
accesible,8
ejerzan,3
certeza,7
vulnera,2
sirven,1
grupos,22
delincuentes,1
indispensable,4
dar,2
elegir,1
juzgadoras,1
electo,1
tendrá,1
cercanía,3
ampliar,22
asuntos,4
revocación,4
mandato,4
plebiscito,1
representaci,1
ón,3
toma,14
decisiones,20
estatal,14
obligado,1
llevar,2
previa,7
informada,3
leyes,8
qu,3
afecten,6
necesario,20
asambleas,4
sentar,1
bases,5
reconstitución,1
lenguas,8
entregará,1
ejercerán,1
propone,2
acabar,1
relección,1
establecer,10
expresa,1
dejar,1
consecutiva,1
destinados,1
partidos,2
establece,2
honrado,1
influyentismos,1
nepotismos,1
restaurar,5
anticorrupción,2
buen,7
sabg,2
apf,7
transparencia,7
rendición,2
cuentas,3
disciplina,1
fiscal,6
logrará,1
interinstituciona,1
basta,1
perseguir,1
atender,12
estructurales,20
recuperando,1
ampliando,4
cohesión,2
prevenir,11
identificar,2
amenazas,7
generadores,1
sancionar,5
oportunamente,1
actúen,1
eficacia,10
tarea,3
comprometido,1
varias,3
descuidó,1
legítimas,1
demandas,4
abandonó,1
papel,9
promotor,1
garante,1
omisión,1
provocó,1
deterioro,4
aquella,1
vulnerab,2
ilidad,2
fomentó,2
sistémica,1
debilitó,2
consecuencia,2
experimentó,1
fragmentación,5
tejido,2
escalada,1
inseguridad,4
puso,1
desatendidos,1
austero,2
fortalecido,3
redistribución,7
responde,1
demanda,5
legítima,1
fomente,2
reflejen,1
restringió,2
electorales,4
diseño,5
realizaba,1
opinión,1
exclusión,9
consolidado,2
mecanismos,35
particip,1
ativa,1
ciudadano,1
aprobación,2
marcó,2
inflexión,1
llevó,2
juicio,1
expresidentes,1
participaron,2
ratificando,1
respaldo,4
legitimidad,2
contribuyeron,3
aumentara,2
estadística,3
geografía,1
inegi,44
obstante,2
persisten,8
retos,5
costos,15
operación,4
sobredimensionada,1
institucionales,7
avanzar,8
optimice,3
combata,2
apremiantes,2
consolidando,2
atiendan,3
efectiva,16
ciudadanas,2
pesar,18
inclusión,31
tenga,3
información,32
veraz,1
precisa,1
relevante,1
úblico,1
evitando,3
desinformación,1
comunicación,4
accesibles,11
imprescindible,1
imparcial,2
impartición,4
discriminados,3
acentuó,1
respuesta,11
últimos,11
impulsado,5
agilizar,1
judiciales,3
desempeño,3
instancias,6
colocado,1
evidenciando,1
favorec,1
ían,1
ajenos,1
incluso,1
obstaculizando,1
facultades,2
legales,1
poderes,1
ejecutivo,1
legislativo,1
propuesto,2
objetividad,1
profesionalismo,1
protegidos,1
impacta,3
tenencia,3
tierra,7
consagrados,1
artículos,3
peum,1
encontraba,2
incertidumbre,2
dificulta,2
financiamiento,12
espera,1
regularización,1
propiedad,19
brinde,4
certidumbre,1
hogares,14
permitido,3
tipificar,1
graves,1
enriquecimiento,1
ilícito,2
abusivo,1
funciones,3
indebido,1
avanzado,3
eliminando,10
condonación,1
resultado,2
tasa,24
gubernamentales,9
encuesta,12
gubernamental,2
encig,2
jugado,2
regulación,4
entes,2
estableciendo,1
criterios,5
homogéneos,1
prioritarias,6
encuentra,3
plataforma,2
detec,1
tar,1
real,6
posibles,1
irregularidades,1
gestión,31
agencias,1
municipales,16
desafíos,15
fiscalización,4
legal,6
capacitación,16
serv,2
idores,1
otro,8
lado,2
gastos,4
innecesarios,2
beneficien,1
unos,4
pocos,3
detrimento,1
artículo,10
establec,1
ió,1
gasto,4
ejercerse,1
priorizando,9
presupuestarios,4
metas,3
medibles,1
permitiendo,4
evaluar,1
mejorando,10
finanzas,1
recaudación,3
progresiva,1
cargas,2
fiscales,3
dará,2
continuidad,2
evasión,2
contrabando,3
pago,3
oportuno,3
reforzar,14
responsabilidades,3
convivencia,3
esencial,9
generan,2
implementa,2
eficaces,5
cercanas,1
problema,3
multifactorial,1
victimización,1
percepción,6
envipe,4
considera,2
ensu,1
adultas,16
perciben,1
inseguro,1
debido,12
delincuencia,3
incidencia,4
incluyen,2
homicidio,1
doloso,1
feminicidio,1
secuestro,1
extorsión,1
robo,2
total,55
narcomenudeo,1
concentración,7
federativas,12
factores,4
determinantes,2
profesionalización,6
equipamiento,5
policiales,1
debilidad,1
limitado,4
incrementado,1
desconfianza,2
afectando,6
atracción,2
enfocada,1
modernizar,7
cuerpos,2
policiacos,1
seguido,1
enfoques,4
complementarios,1
policía,1
avanzada,2
optimización,1
métodos,3
criminalización,1
excesivo,1
reduzcan,6
crimen,2
creada,1
pilar,4
consolidándose,1
proximidad,3
elementos,2
desplegados,1
amplió,3
permitiéndole,1
participar,3
investigaciones,1
delictivas,1
contundentes,1
embargo,16
estructural,2
delictiva,2
operativa,2
garan,1
tizar,1
funcionamiento,2
informática,1
central,3
violaciones,3
fomentando,5
existe,4
desaparecidas,2
localizadas,2
doloroso,1
fenómeno,3
afecta,7
actualidad,2
registro,3
vigentes,5
cobertura,15
enfrenta,8
derivadas,3
internos,2
externos,3
destacan,1
organizado,2
transnacional,1
lavado,2
terrorismo,2
cibe,1
rataques,1
digitales,12
cibernética,1
flujos,1
migratorios,1
exigen,1
proteger,21
fronteriza,1
sistemas,17
detectar,3
riesgos,8
temprana,3
impulsará,2
vigilancia,4
fronteras,3
combatiendo,1
tráfico,1
ilegal,1
liderazgo,7
enfocarse,2
diplomacia,2
presencia,8
organismos,6
contexto,7
marcado,2
conflictos,4
diplomáticos,1
par,2
sostenible,33
corredor,1
migratorio,3
movilidad,11
humana,2
origen,4
tránsito,3
retorno,2
asegurar,30
migración,2
ordenada,1
priorizado,1
acuerdos,8
consular,3
documentación,4
asesoría,2
casos,4
contribución,2
recibe,2
remesas,1
equilibrar,3
dignas,1
encargad,1
humanitaria,1
responsabilidad,4
respetar,1
siguiendo,1
universalidad,2
interdependencia,2
indivisibilidad,1
progresividad,2
satisfacer,1
necesidades,20
convertido,1
demostrando,2
propio,9
incluyente,6
decidido,1
red,16
enfrentan,11
marginación,4
aquellos,5
diversas,3
razones,2
encuentran,5
situacione,1
iniciarán,1
recib,1
irán,1
iniciará,1
privilegio,2
educativos,6
pr,1
imeros,1
decisivos,1
invertir,2
asegura,2
sólida,2
futura,1
promueven,2
educativo,14
expansión,12
oferta,11
educativa,5
simultánea,1
dignificado,1
labor,4
permanente,2
atiende,1
física,10
mental,7
vinculando,1
mejorado,2
beneficiará,2
estudios,4
modernizarán,1
tien,1
infancias,1
hipertens,1
ión,1
enfermedades,8
afectan,7
aspiraciones,2
apreciadas,1
impulsarán,2
creadores,2
fortalecen,3
ayudan,1
solidaria,2
respetuosa,1
creativa,4
cult,1
ura,4
apoyarán,1
fomentará,2
paso,2
vivido,1
siglos,1
promoverá,4
animal,2
destrucción,1
contará,4
necesarias,6
promuevan,12
dejó,2
huella,2
profunda,2
estructura,4
desigual,4
económicas,7
orientadas,4
impusieron,1
recortes,1
destinado,1
básicos,13
principalmente,6
afrome,1
xicanos,1
brecha,14
dio,2
focalizados,1
lejos,1
maximizar,2
facilitar,4
excluyeron,1
amplios,1
fragmentando,1
resultó,3
insuficiente,4
asistencialista,1
temporal,1
geográfico,1
condicionado,1
limitó,2
positivo,3
enfrentaron,2
cobert,1
barreras,12
significativas,3
sufrieron,1
altas,3
tasas,11
deserción,1
escolar,7
escasa,1
garantizó,1
algunos,1
juventud,3
contraste,1
centrado,3
esfuerzos,9
ajustarse,1
implementada,2
profundizado,1
coneval,5
observó,1
reducción,14
sostenida,2
multidimensional,3
onsejo,1
reportó,2
extrema,2
posible,2
garantiz,2
ando,3
igual,3
promedio,28
amplíe,1
directamente,3
intermediarios,2
satisf,1
agan,1
prioridades,4
evidencia,2
demuestra,2
adopción,5
condicionadas,1
atienden,1
inmediata,4
sientan,1
inclusivo,6
elemento,1
alcance,3
habilite,2
haciendo,1
asunto,1
sep,3
iniciaron,2
completaron,1
licenciatura,1
oport,1
educativas,9
rescatar,1
perpetuaba,1
poco,2
críticos,6
conciencia,2
lógica,2
competencia,7
abandono,2
requirieron,1
magnitud,1
corregirlo,1
provisión,8
materiales,7
ar,3
éxito,2
significativos,3
cuanto,2
integrales,4
plantea,3
equitativa,17
empodera,1
ciclos,2
escolares,1
conexión,1
puntos,11
porcentuales,9
lavabos,1
realizaron,3
beneficiando,3
millone,1
docente,1
admisión,1
considere,3
contextos,2
lleva,1
barrera,4
adolescentes,17
aprendizaje,2
disparidades,6
trayectorias,3
beneficiaron,2
cifra,2
ascendió,2
asegure,3
actividad,8
aspecto,2
sufren,1
sobrepeso,1
aproximadamente,2
padecen,1
desarrollando,2
mejoren,6
estrechamente,1
vinculada,1
transformar,5
proporcionar,4
herramientas,8
integren,2
interrumpir,1
trayectoria,1
académica,1
reto,3
preparar,1
adaptarse,2
productivo,9
pasada,1
aún,13
persiste,3
desafío,6
coexistencia,1
subsistemas,1
educa,1
tivos,1
modelos,5
profesional,3
opciones,3
alineadas,2
fin,15
posicionar,2
innovadora,2
tecnológicamente,1
dual,4
carreras,1
técnico,1
incrementar,11
cienc,1
ias,1
ingenierías,1
matemáticas,1
egresados,1
provienen,2
técnica,4
revalorizada,1
opción,1
viable,1
integrar,3
impulsen,3
reorientar,1
paradigma,1
orientando,1
científicos,1
colectivo,1
impulse,5
colaborativo,1
científico,5
crucial,4
enfrentar,2
observa,1
patentes,9
registró,2
publicaciones,2
científicas,2
mucho,3
coeficiente,3
inventiva,1
comparado,2
registran,2
habitantes,13
respectivamente,6
urgente,6
desarrollar,17
industrias,6
electromovilidad,2
marítima,4
otras,4
ecosistema,1
menores,11
estima,3
riesgo,5
cognitivo,2
permitiéndoles,1
adulta,1
obligatoriedad,1
inicial,3
decretada,3
posicionó,1
pionero,1
muestran,1
impactos,6
positivos,1
académicos,1
contribuyendo,12
conductas,1
antisociales,1
eliminar,6
limitan,7
nutritiva,3
vacunación,1
comprometida,1
ciclo,10
rutas,1
aseguren,4
esenciales,9
permitan,6
rica,1
herencia,1
convierta,3
contribuir,8
fomentan,2
estratos,1
celebrando,1
expresiones,10
artísticas,2
culturales,14
provenientes,1
realizarse,1
dentro,3
elimine,1
bienes,13
corregir,2
ineficiente,2
existente,1
tom,1
reorganizando,1
intercambio,2
conservaci,2
vasta,1
patrimonial,5
complementa,1
vínculo,5
edad,9
permitir,2
iniciación,3
apreciación,4
contribuye,2
socioemocional,1
pensamiento,1
crítico,4
creativo,2
habilidades,6
destrezas,1
costumbres,1
tradiciones,2
pertenencia,3
carece,3
implementar,27
dedicada,1
actualizar,1
atendiendo,1
manifestaciones,3
infanci,1
acceder,6
alguna,4
contribuirá,2
desproporcionada,2
calculó,1
mi,1
llones,1
carecían,1
careció,1
preventivo,1
debió,1
material,4
disponibilidad,10
sanitario,2
desarticulación,1
generaron,1
gratuidad,1
implementó,3
sist,1
ema,1
prestación,3
cerrar,7
creó,1
organismo,1
descentralizado,1
denominado,1
oportuna,2
distintas,2
impacten,1
positivamente,1
crónicas,3
transmisibles,1
cardiovasculares,1
cáncer,1
respiratorias,1
mortalidad,2
materna,1
infa,1
ntil,1
reflejan,2
profundas,2
contribuido,3
significativamente,5
panorama,5
limitando,4
generando,4
cobe,1
rtura,1
abordar,4
deficiencias,4
adaptado,1
local,10
integrando,3
preventivas,1
involucra,2
abasto,4
insumos,13
constante,1
tratamientos,3
recurrentes,2
déficit,3
ineficiencias,1
distribución,10
farmacéutico,4
zonas,28
rurales,20
marginadas,2
dificultades,3
patente,1
ampl,1
ios,1
favorecido,1
monopolísticas,1
dificultado,2
varios,2
influido,1
negativamente,2
previas,1
pandemia,2
covid,2
realizados,2
permitieron,1
monopolios,1
estandarización,1
ampliaron,1
ahorros,3
mejoras,2
tecnológicas,8
cálculo,6
homogenización,1
lave,1
realizar,2
compras,3
logísticas,3
modernizando,1
icios,1
asentamientos,5
irregulares,2
carecen,5
derivados,7
traslado,2
esparcimiento,2
planificación,5
desacelerar,1
encarecimiento,4
suelo,6
agiliz,1
burocráticos,1
asociados,1
especulación,2
inmobiliaria,2
dotación,2
cumplimiento,11
normativo,15
operaciones,5
inmobiliarias,1
existen,5
limita,5
perpetúa,2
territoriales,6
marginados,1
ausencia,3
integradas,1
agravan,1
desequilibrado,1
pérdida,5
elo,1
enfrentaban,1
insatisfechas,1
alquilar,1
comprar,2
autoproducir,1
amplia,1
antigüedad,1
renovación,2
sustitución,2
muchas,4
enigh,5
informó,1
presenta,4
rezago,10
habitacional,6
deshabitadas,1
hacinamiento,2
habita,2
colocando,1
índices,2
particulares,2
habitadas,2
escasez,2
acentuado,1
resul,1
tando,1
elevados,1
adquisición,3
alquiler,1
representaron,2
hogar,8
variación,6
ricos,1
decil,1
alquilan,1
caída,2
generalizada,1
redujo,3
concentra,1
cinco,3
agrava,4
tlaxcala,2
chiapas,2
b,2
aja,1
california,3
asequibilidad,2
inmuebles,1
pasó,1
registrando,1
discriminadas,1
complementada,1
abandonadas,1
propias,3
escritura,1
propietarias,2
may,1
ores,1
crédito,6
ayude,1
dependencia,13
incentive,1
permita,6
globales,11
pirámide,1
alcanz,1
duplicar,1
beneficiado,1
dejado,1
ti,1
empos,1
cooperativas,2
asociaciones,1
cajas,1
ahorro,12
mutuales,1
actor,5
ejidos,4
limitación,1
automatización,1
permiten,1
alternativas,2
ba,2
sadas,1
auto,1
cooperativismo,1
mutua,1
contiene,1
continua,7
particularmente,3
laboran,2
princip,1
cubrir,3
buscan,3
favorezcan,5
cuenten,3
adecuado,4
vejez,1
descuidar,1
agrícola,6
iniciativas,1
infraestruct,2
transfronterizo,4
propósito,4
valore,1
indepen,1
dientemente,1
ocupación,2
disfrutar,1
favorable,2
perdió,3
transformándose,1
simple,1
indicador,79
sufrió,1
desajustes,2
sexo,1
color,1
piel,1
etnia,1
socioeconómico,2
geográfica,6
obstaculizado,1
dignos,3
excluidos,1
mensual,2
inferior,1
década,1
ochenta,1
tenía,1
tercer,1
latinoamérica,1
ocupaba,1
antepenúltimo,1
mide,121
suficiente,4
adquisitiv,1
alarios,1
incrementos,3
graduales,1
responsables,1
consensuados,1
acumulando,1
vidas,1
aseguradas,1
zona,1
resto,1
salarial,10
salieron,1
vigente,7
casi,2
veces,3
kilos,4
tortillas,1
huevo,3
estando,1
alcanzado,3
admini,1
stración,1
femenina,3
históricos,2
remuneradas,1
doméstico,6
desocupación,1
aunque,5
ayudado,1
estudian,2
informalidad,7
trabajando,2
menor,5
ing,1
resos,1
aumentado,1
significativa,4
informales,1
relacionados,2
flexibilidad,1
largas,1
excesivas,1
tod,1
dignificación,3
justas,1
co,1
excelente,1
sustentada,2
tierras,4
climas,1
costeras,4
constituye,1
producen,1
toneladas,5
pesqueros,5
empleando,1
alcanzará,1
nutrición,4
procuren,1
garantizamos,1
campesinas,1
agropecuaria,6
acuícola,6
pesquera,5
cimienta,1
trigo,3
caña,4
café,4
proviene,3
alteración,1
suministro,11
eventos,2
geopolíticos,2
utilizados,1
fosfato,1
diamónico,1
urea,1
aumentaron,1
pequeña,4
mediana,3
escala,4
recibió,1
recientemente,1
fenómenos,4
climáticos,1
afectado,3
gravemente,2
alimentos,7
intensificación,1
sequías,1
inundaciones,1
superficie,25
cosechada,1
granos,1
siniestro,1
sequía,1
dejaron,1
sembrar,1
sorgo,1
ven,1
exacerbados,1
baja,6
seguros,3
cubren,1
volatilidad,1
final,2
cubrirá,1
generará,2
reinversión,1
jo,1
desventaja,3
intermediación,1
cadena,4
comercialización,2
paga,1
intensiva,1
combinada,1
legislación,3
generado,2
grave,2
degradación,4
utiliza,1
fresca,3
é,4
sta,1
desperdicia,1
desequilibrio,1
localidades,13
predominantemente,1
diversificado,1
obteniendo,1
actividades,12
pecuarias,1
pesqueras,4
empleadas,1
inf,1
ormalidad,1
disminuido,3
acompañado,1
transgénico,1
centrarse,1
fomento,10
ganadera,1
multifuncionalidad,1
internas,1
coordinada,3
mesa,1
esfuerzo,1
eslabón,1
agroalimentaria,2
autónomo,1
alimentarios,2
antes,1
estuvo,3
apostó,1
favorecía,1
distribució,1
beneficios,7
profundamente,1
impactado,1
sumado,1
decrecimiento,1
gr,1
acias,1
reactivación,1
estabilizó,1
marcando,1
moderada,1
humanism,1
rol,2
activo,5
previo,2
generó,1
dependían,1
fueron,6
ins,1
uficientes,1
productividad,14
competitividad,17
orientada,4
relegada,2
favor,1
beneficiaba,1
extranjero,1
representaba,1
resalta,2
manufacturera,5
exportados,1
manufactur,1
manifiesto,1
fluctuaciones,1
ocupando,1
cayendo,1
otorgadas,7
solicitadas,1
urgencia,1
adoptar,2
devuelvan,1
micro,8
pequeñas,6
medianas,6
banca,2
robusto,1
competitivo,3
ámbito,4
logística,3
transitar,1
multimoda,1
combine,1
distintos,6
medios,3
carretera,1
sumó,1
peaje,1
malas,1
continuos,1
conservación,19
vial,2
ferroviaria,3
volumen,4
terrestre,18
ecológico,5
ferroviario,1
subutilizado,1
vacío,1
interurbano,1
portuaria,1
conectividad,12
impide,2
posicionen,1
actores,3
q,1
ue,1
regule,3
marítimas,1
portuarias,2
optimizando,4
equilibrado,3
énfasis,6
preserve,1
evite,1
irreversible,1
evitar,2
agoten,1
acompañada,1
disminuya,1
ecológica,4
respete,1
natura,1
reproducción,1
reciclaje,4
orgánicos,1
desechos,2
hacerse,1
matriz,1
acelerará,1
emisiones,16
contaminantes,5
honrar,1
cam,1
bio,1
asequible,4
convertirse,1
sostenibles,3
lleve,2
hídricas,1
tra,1
tamiento,1
aguas,6
saladas,1
acuíferas,1
vuelve,1
crecientes,1
sobreexplotación,2
desperdicio,1
vital,1
vitar,1
requieran,1
escasea,1
protocolos,1
descontaminar,1
aire,5
ponen,1
nergético,1
claves,1
viabilidad,1
solidez,1
último,7
rehabilitó,1
refinación,1
construyó,2
refinería,2
olmeca,1
bocas,1
adquirió,1
deer,1
park,1
texas,1
coquizadoras,1
reforzó,1
modernizaron,1
hidroeléctricas,1
centrales,1
fotovoltaica,1
peñasco,1
reservó,1
explotación,2
litio,2
baterías,1
almacenamiento,2
acelerar,1
reducirá,3
fósiles,5
climática,5
gas,1
importado,1
neutralice,1
expandir,6
creciente,2
congestión,1
renovable,1
confiable,3
claros,2
simplificados,3
autoabastecimiento,2
medidas,11
usten,1
tabilidad,1
atraer,2
petrolíferos,1
priorizar,1
exportación,2
hidrocarburos,4
descarbonizar,1
poblaciones,6
redoblar,1
ambientalmente,1
alberga,1
terrestres,2
costeros,1
ofrece,2
mitigación,8
extracción,1
deteriorado,1
terre,1
stres,1
transformados,1
agropecuarias,4
agravando,1
deforestación,1
forestal,5
ilegales,1
debilitamiento,1
destinadas,2
voluntariamente,2
abarcan,1
representan,4
marino,1
ecosiste,1
hábitat,1
introducción,1
especies,1
invasoras,1
conservada,1
territorios,7
implementando,1
efectivos,6
acelera,1
temperaturas,1
ascenso,1
mar,1
glaciares,1
patrones,2
precipitación,1
meteorológicos,1
extremos,1
huracanes,1
incendios,1
forestales,1
adoptado,1
descarbonización,1
parís,1
conferencia,1
convención,1
unidas,3
limitar,1
calentamiento,1
factor,2
implementado,4
ciudades,3
polución,1
manejo,6
sólidos,2
urbanos,5
termina,1
sitios,2
disposición,1
reutilización,2
normatividad,3
supervisión,1
estricta,1
sanciones,1
daños,2
ejecución,4
multisectorial,1
articulación,1
esfue,1
rzos,1
suficiencia,1
alud,1
fondo,4
per,1
cápita,1
drásticamente,1
pasando,1
metros,2
cúbicos,2
habitante,1
siete,2
proyección,2
agricultura,5
consume,1
concesionada,1
reúso,4
serios,1
contaminado,1
descargas,2
residuales,3
químicos,1
generadas,1
tratadas,1
cuencas,7
hidrológicas,1
acuíferos,2
progresivamente,1
destinaron,1
cantidad,4
suficientes,1
acaparamiento,1
hídrica,4
mantenimiento,1
acueductos,1
presas,2
minería,1
recarga,1
maximizando,1
volúmenes,1
desalinización,1
estrés,2
hídrico,2
salmuera,1
sosten,1
ible,1
sentado,2
coloca,2
beneficiarias,3
protagonistas,2
impulsan,1
aborden,3
interseccional,3
experiencias,1
realidades,1
sanción,3
refugios,2
legislativas,2
combatan,1
labora,1
emprendimiento,1
diseñado,2
correspons,1
abilidad,1
estancias,1
infantiles,1
desempeñan,1
tareas,1
logrado,2
paridad,3
obstáculos,3
perspectiva,13
dependencias,7
presupuestos,1
específicas,2
quede,1
plenamente,3
ig,1
ualdad,1
desarrollarse,1
beneficia,1
sienta,1
próspero,1
feminización,1
pronunciada,1
interseca,1
residencia,1
alcanzando,1
reduce,1
restringe,2
limentación,1
diferenciada,1
remunerado,12
recayendo,1
hoga,1
res,3
acarrear,1
almacenar,1
realizada,1
ubicó,1
comparación,2
cuya,2
alcanza,1
marcada,1
participa,1
misma,1
deja,2
implementadas,1
ganando,1
remunerados,4
doble,1
directivos,4
marginal,1
persistente,1
excluyendo,1
disponibles,1
incorporarse,1
estereotipos,4
asignando,1
domésticas,1
exclusivamente,1
romper,1
beneficie,1
reconozca,1
redistribuya,1
reduzca,3
corresponsabilidad,7
fam,1
ilias,1
sumamente,1
recaen,1
desproporcionadamente,1
realizan,1
remunerada,1
concentrados,1
dejando,1
medible,1
billones,1
equivale,1
peso,1
recibir,1
compensación,1
dedican,7
semanales,1
apenas,1
nueve,3
madres,2
hermanas,1
esposas,1
hijas,2
suma,2
encargadas,1
sobrecarga,1
recreativas,1
dedicado,1
mínima,1
porcentual,6
disminuyeron,2
reflejando,4
redistribuirse,1
equitativamente,1
ocho,1
guardería,1
hijos,2
carencia,4
servi,1
cios,1
personales,1
integrarse,2
precarización,1
femenino,1
muestra,3
alcaldías,4
estaban,2
encabezados,1
evidente,1
magistraturas,1
circuito,1
juzgados,1
distrito,1
ocupados,1
ejercidos,1
decisión,4
verdaderamente,1
paritaria,1
conciliación,3
impiden,1
accedan,1
limitadas,1
oportunida,1
des,1
impedido,1
psicológica,4
cotidiana,2
sentimentales,1
logrados,1
alarmantes,1
sobr,1
dinámica,2
endireh,4
experimentado,3
sufrido,1
gravedad,1
refleja,5
feminicidios,2
muerte,1
violentas,2
registraron,2
noviembre,2
muertes,2
mueren,1
día,1
feminicida,2
iolentas,1
diariamente,1
perpetuar,1
normalización,1
silenciada,1
minimizada,1
justificada,1
normas,4
experimentaron,1
pareja,1
presentaron,1
denuncia,2
solicitaron,2
hecho,2
import,1
miedo,2
consecuencias,2
subregistro,1
revictimización,2
denuncias,1
persecución,1
refuerza,1
desprotegidas,1
incluya,1
normativas,2
sancionen,1
rigor,1
protejan,3
izadas,1
especializadas,1
órdenes,9
estructu,1
rales,1
juega,1
modificar,1
erradicación,2
quedar,2
discursos,1
aisladas,2
imperativo,1
traducirse,1
efectivas,2
deje,1
impun,1
idad,2
financieros,5
titularidad,2
patrimoniales,2
propiedades,2
nombre,2
agrario,2
nacio,1
nal,1
ejidataria,1
posesionaria,1
comunera,1
avecindada,1
poseen,1
certificado,2
parcelario,1
núcleos,2
órganos,1
integrantes,1
cisiones,1
garantes,1
extiende,1
urbano,7
titulares,7
retroceso,1
his,1
toriales,1
morosidad,1
frecuencia,2
activos,3
emprender,1
tiva,1
infonavit,4
señala,2
experimentan,1
definido,1
preocupación,1
ansiedad,1
pro,1
pios,1
afrontar,2
imprevistos,1
planificar,1
eguridad,1
goce,1
faciliten,3
eliminen,2
restringido,1
heredar,1
administrar,1
disponer,1
cuestión,1
dotar,2
físicas,1
humanas,1
simplifique,2
accesibilidad,3
ino,1
significativo,4
subraya,1
importancia,1
externa,2
unificar,4
interoperabilidad,2
ofrecidos,1
trabajará,1
brindando,3
utilizando,1
plataformas,2
intuitivas,1
seguras,1
integración,17
importar,1
implementarán,1
estrictas,1
prioritaria,1
opacidad,1
ge,1
nte,1
capaz,1
electrónico,5
interacción,1
interactuó,1
digitalmente,1
destacando,1
realizó,1
llenó,1
envió,1
formularios,1
gestionar,3
interactuar,1
valorando,1
ocupó,1
posición,2
avanzando,1
integrado,2
autenticación,1
unificada,1
experiencia,2
fragmentada,3
tele,1
establecimientos,8
inicien,1
permisos,1
autorizaciones,1
simplificación,5
regulatoria,1
detonar,2
regulaciones,3
largos,1
requisitos,2
excesivos,1
procedimientos,1
intermedios,2
favorecen,1
dispersión,1
claridad,1
telefónica,1
ofrecen,1
servidor,1
software,2
analíticas,2
artificial,1
administrada,1
cibernéticas,2
renovar,1
satélites,6
geoestacionarios,1
observación,5
remotas,3
aproveche,1
pluricultural,2
multiétnica,2
plurilingüe,5
emancipatorios,1
aportando,1
cosmovisión,1
étnica,4
lingüística,4
autono,1
mía,1
normativos,5
eco,1
nómico,1
valoren,1
participando,1
activamente,2
desa,1
rrollo,1
mutuo,1
contribuciones,2
constituyen,1
aportaciones,1
cultu,1
ral,1
continente,2
americano,1
hablante,1
afectados,1
considerable,1
emple,1
particular,2
ve,1
agravada,1
desplazamientos,1
forzosos,1
inalienables,1
darles,1
otorga,1
personalidad,6
implement,1
ado,1
afromexican,1
delineado,1
ruta,1
traducción,1
secundarias,1
armonización,3
constituci,1
ones,1
comprometan,1
respondan,2
respeten,1
cosmovisiones,1
componente,1
presidencial,2
adaptadas,1
particularidades,1
intercultural,12
presupuestales,3
dirigidos,1
respetuoso,2
jueguen,1
na,1
derivado,2
diagnósticos,2
presentados,1
anteriores,3
plantean,1
siguientes,1
involucrar,1
divulgación,3
documental,3
archivos,3
minorías,2
consentimiento,2
dirigir,2
focalizadas,1
discriminatorias,1
gener,1
familiares,1
expedita,2
jurisdicción,6
jurídico,7
pluralismo,2
incorporación,1
privadas,2
dignificando,1
penitenciarios,1
vocación,1
coordinar,1
digitalizar,1
legalidad,1
actos,1
erario,1
ejecute,1
afectar,1
voluntario,1
contribuyentes,1
ciudadaní,1
operatividad,1
administrativas,3
celebración,1
inhibir,1
interinstitucional,2
marinas,6
operativas,2
estratégicas,3
ciberdefensa,1
ejército,4
aérea,8
armada,1
adiestramiento,1
anticipar,1
disuadir,1
neutralizar,1
costas,1
recintos,1
portuarios,1
terminales,1
instalaciones,2
detección,2
aduanas,1
alineándolas,1
estándares,1
avanzados,1
marítimo,2
orden,2
trato,1
efectivo,10
consulares,4
alianzas,3
académicas,5
diplomáticas,1
multilaterales,1
cortes,1
tribunales,1
concertación,2
organizaciones,1
civil,5
intersectorial,3
estratégicamente,1
colectivas,1
aceleren,1
consoliden,1
sustentables,4
incluyentes,1
resilientes,1
ambos,1
padres,1
socioeconómica,1
entrega,2
conocimiento,9
recreación,1
articular,1
intersectoriales,1
niñez,2
adolescencia,3
intervenciones,1
diferenciadas,1
afectadas,8
emergencias,3
empático,2
ordenado,1
climáticas,1
inclusiva,4
mejore,5
entornos,6
óptimos,1
restauración,4
reforzamiento,1
conforme,4
crítica,1
cívica,1
vocacional,1
modalidades,2
pertinencia,7
agentes,1
ejora,1
pertinentes,2
actualizados,2
facilitando,9
recapacitación,1
reinserción,1
reconversión,1
trabajar,2
mixtas,1
semipresenciales,1
escolarizadas,1
certificación,2
competencias,2
especializada,4
diversificar,1
artístico,2
etapas,4
circulación,1
visibilización,1
recepción,2
paleontológico,1
arqueológico,1
difundir,1
vivas,1
salvaguardia,1
biocultural,1
afrodescendientes,1
equiparables,1
proveer,2
artesanos,1
refuercen,2
memorias,2
divers,1
contenidos,1
conocimientos,6
protegiendo,5
físico,2
proveedor,1
tomando,1
consideración,1
tradicionales,9
científicamente,1
prioricen,1
poblacional,1
afromexicana,1
migrante,1
reproductiva,1
pregestacional,1
embarazo,1
parto,1
puerperio,1
erradicando,2
obstétrica,1
acorde,1
alineados,5
demográficas,1
epidemiológicas,1
sanitaria,1
específicos,1
considerando,6
preferencias,1
favorecer,1
incremente,1
resolutiva,1
especializados,8
preventivos,1
degenerativas,1
incapacitantes,1
formar,2
talento,3
evolución,1
emergentes,2
bioética,1
interculturalidad,4
formativa,2
centrada,1
coadyuvar,1
apoyando,1
diseños,1
constructivos,1
autoproducción,1
adaptativos,3
habitacionales,1
facilite,3
intermodalidad,1
colaborar,1
habitable,1
artísticos,1
deportivos,1
turísticos,2
ambientales,6
habitabilidad,1
articule,1
desastres,1
armónica,1
participativos,1
infraestructuras,1
mitiguen,2
adaptación,2
dignificar,4
progresivos,1
incorpore,1
monitoreo,2
acompañar,2
vulnerados,2
inserción,2
vocaciones,5
mercados,6
aumenten,1
formalidad,2
umanismo,1
infantil,2
permitida,1
exitosas,1
adaptándose,1
flexibilice,1
apoyar,3
centradas,1
rentabilidad,2
retiro,6
acerquen,2
igualen,1
priorice,1
agroecológico,1
acuícolas,7
enfocándose,5
jornaleras,3
certificaciones,1
agroecológica,2
ganadería,1
acuacultura,2
agroalimentario,2
mercancías,3
incrementando,3
intermodal,3
poblacionales,1
turistas,1
ofreciendo,1
aéreo,1
modernos,1
cumplan,1
dinamismo,1
moderno,1
verificación,1
flota,1
vehicular,1
preservar,4
usuarios,1
telecomunicaciones,8
despliegue,3
transferencia,5
proveeduría,9
fases,2
potenciar,1
dedicados,1
turísticas,2
desarrolladas,1
enfocadas,1
ustentable,1
especializado,1
diseñar,5
exploración,1
biofertilizantes,1
petroquímica,1
emex,1
mitigar,4
gradual,1
minerales,1
resiliencia,3
presión,2
metropolitanas,1
incentiven,1
autorregulación,1
sustancias,1
químicas,1
amplíen,2
ajuste,1
frenar,2
abordando,2
culturalmente,1
pertinente,1
antropogénicos,1
características,1
inherentes,1
inspección,1
restricciones,1
arancelarias,1
transfronterizos,1
reguladas,1
armonizar,2
creci,1
agrarias,1
resiliente,2
recolección,1
contaminadas,1
adaptables,1
replicables,1
resarcimiento,1
integrada,2
regulan,1
hídricos,1
función,1
hidrológico,1
comunitarios,2
precariedad,3
equitativas,4
empoderamiento,3
institucional,6
autónoma,3
sexistas,2
intergeneracional,2
trabajos,4
domésticos,3
intergubernamental,1
adecuados,3
oportunos,1
sujetas,1
integre,1
interseccionalidad,3
socioculturales,1
corresponsable,1
flexibles,1
sensibilización,2
transformen,1
coordinadas,2
actitudes,1
comportamientos,1
sexuales,1
reproductivos,1
informadas,2
cuerpo,1
emocional,1
psicosocial,1
máxima,2
acompañamiento,2
correcta,1
tipificación,1
resolución,2
agilice,1
modernice,1
cumpliendo,1
organizativas,3
técnicas,4
públ,1
ica,1
resguardo,2
posesión,1
privacidad,1
nube,1
generados,2
abiertos,1
basadas,1
preparado,1
existentes,1
respues,1
espacial,3
proporcione,1
satelital,1
avanzadas,1
vulnerable,1
colaborativa,2
convertir,2
maduración,1
escalamiento,1
transdisciplinaria,1
necesaria,1
diseñando,1
académico,1
orientados,2
interinstitucionales,1
lleven,1
adecuar,1
planteamientos,1
fundamentándolos,1
autoridades,3
representativas,1
horizontal,1
asignación,2
acordadas,2
definan,1
administren,2
ejecuten,1
evalúen,1
transparenten,1
ejecutar,2
asignar,2
directos,3
int,1
ercultural,1
sectoriales,2
especiales,2
formular,1
defina,1
alineación,1
definir,4
presupuestal,1
proporcional,1
compensatorios,1
autogobierno,2
estructuras,2
det,1
erminación,1
especificidades,1
restitución,1
salvaguarda,3
inmaterial,3
intelectual,4
conforman,2
legado,1
istórico,1
revitalización,2
medicina,1
tradicional,1
partería,1
saberes,1
ejercen,4
tangible,3
intangible,3
adquieran,1
operen,1
gestionen,1
desarrollen,1
radiodifusión,1
propios,2
milpa,1
nativo,1
dieta,1
saludable,1
subsidios,2
revitalizando,1
drenaje,1
desplazamiento,1
forzado,1
invisibilización,1
parámetros,1
logro,1
integrados,5
señalado,1
fracción,1
ter,1
continuación,2
organiza,2
resolver,3
descripción,66
haberse,1
cómo,56
prr,2
prfa,2
prbfa,2
prfag,2
prdce,2
prpv,2
pporpp,1
reportan,6
organizó,6
vecinos,6
resolverlo,6
alumbrado,1
baches,1
fugas,1
pandillerismo,1
violento,1
unidad,54
medida,66
periodicidad,70
reportar,66
gobernación,1
segob,3
hechos,6
presuntamente,7
violatorios,7
cndh,2
expedientes,2
queja,2
calificados,2
thpvdh,1
hpvdh,1
pma,1
publicará,1
mes,1
marzo,1
censo,3
mucha,1
algo,2
bienal,8
observado,1
tributarios,4
netos,1
referencia,1
itpib,1
itgf,1
hacienda,1
shcp,5
programable,1
reportado,2
matrices,1
ramos,3
pcinf,1
spainf,1
sumatoria,3
tinf,1
módulo,3
portal,5
aplicativo,1
entidad,2
federativa,2
ocurrencia,1
multiplicada,1
snieg,3
sspc,1
identifica,1
marina,10
ó,5
concertados,4
representantes,2
conferencias,1
comités,1
alcanzados,1
convenidos,1
pac,1
nac,1
nacp,1
programados,3
obren,1
subsecretarías,1
exteriores,1
jefatura,1
sre,4
otorgados,2
acumulado,2
programado,1
dirección,3
apoyadas,5
npra,3
ppam,3
ppd,3
pahmt,3
pmb,3
padrón,2
sebien,4
emergencia,6
atendidas,4
yo,5
especie,3
ppaesn,1
pap,1
po,1
bruta,2
escolarización,2
alumnos,1
matriculados,1
determinado,3
individuos,1
típica,2
cursarlo,1
tben,1
mn,1
matrícula,3
pn,1
programación,1
formato,1
proyecciones,2
conapo,2
pers,1
onas,1
ppaotm,1
tpao,1
tm,3
tpo,1
impi,2
asistieron,3
evento,4
espectáculo,5
seleccionado,3
asistido,1
película,1
cine,1
concierto,1
música,1
exposición,1
teatro,1
danza,1
ppaec,1
npa,1
seleccionados,2
có,11
mo,11
satélite,7
asistentes,3
bibliotecarios,2
ú,3
í,3
definitiva,2
obtendrá,1
sisc,1
ultura,1
pcass,1
psa,1
pt,3
ssa,4
surtimiento,2
completo,3
recetas,2
scr,1
petm,1
pacientes,2
entregó,1
totalidad,2
marcados,1
receta,2
perm,1
encuestados,1
investigadores,7
profesionales,2
nombramiento,3
investigador,3
categorías,2
def,1
eméritos,4
sii,4
colaboren,1
institución,1
sni,3
piian,1
psnvit,1
ef,1
tit,1
dgpis,1
construidas,1
deteriorados,1
regulares,1
techo,1
paredes,1
excusado,1
cuarto,4
pvrh,1
vrh,1
tv,1
sedatu,3
acumuladas,3
terminadas,3
acv,1
conavi,6
registros,3
publicados,4
posterioridad,4
lgahotdu,4
pefipp,1
efipp,1
tef,1
periódicos,2
oficiales,2
anastas,1
ásicas,1
alario,2
ínimo,1
adquiridas,1
ncbsm,1
vsm,1
vpcayna,1
nota,4
oneval,1
calculado,1
multiplicando,1
monetario,1
diario,4
previsión,1
stps,2
empleados,1
informal,3
promedia,1
trimestres,5
til,2
trimestral,8
trimestre,2
disponible,1
únicamente,2
promediaron,1
series,1
calculadas,1
econométricos,1
enoe,6
reemplazo,5
obtenidas,2
trp,1
str,1
obtuvieron,1
ntdp,1
consar,4
afore,4
firmaron,1
contrato,1
pensionissste,1
refiere,6
ocupada,1
indicada,1
csar,1
tca,1
ttsfi,1
azúcar,4
pan,2
soluble,2
pasteurizada,2
pollo,2
cerdo,2
pescado,2
contemplados,3
ldrs,1
icppe,1
compuesto,1
ponderado,1
ipi,1
ppi,1
ponderador,1
genérico,1
inpc,3
reponderado,1
siap,2
rura,1
sader,4
ponderadores,1
genéricos,1
ponderación,1
agropecuario,3
pesquero,3
deciles,3
iphr,1
iai,1
sueldos,1
jornales,1
destajo,1
perteneciente,1
pertenecientes,2
plce,1
vp,1
grano,2
cereza,1
ntsa,1
toneladaspersonas,1
transportados,6
vía,14
autotransporte,4
tptva,2
ptva,1
ptvt,1
asajeros,1
vt,5
anuario,2
estadístico,2
comunicaciones,1
transportes,1
sict,4
transportada,4
movilizada,1
ct,1
iles,1
usuaria,2
pai,1
puitn,1
endutih,1
atdt,9
componen,1
siguiente,2
noreste,1
chihuahua,1
coahuila,1
tamaulipas,1
puebla,1
noroeste,1
durango,1
sinaloa,1
oeste,1
aguascalientes,1
colima,1
jalisco,1
nayarit,1
guanajuato,1
querétaro,1
san,1
luis,1
potosí,1
zacatecas,1
sursureste,1
quintana,1
roo,1
brcr,1
rmapibe,1
rmepibe,1
scnm,3
grado,4
componentes,2
manufacturan,1
corrientes,1
reciente,3
cubierto,1
sujeta,2
actualizaciones,2
revisiones,2
proporcionan,2
coincidir,2
reportes,2
sener,3
alternas,4
hidroenergía,1
geoenergía,1
nucleoenergía,1
eólica,1
biogás,1
solar,1
bagazo,1
leña,1
rpne,1
pne,1
netas,6
gei,2
inegycei,5
ebgei,1
brutas,1
agei,1
absorciones,1
signo,1
negativo,1
dióxido,1
carbono,1
equivalente,1
mtco,1
dato,2
proyectado,1
absoluto,1
mtcoe,1
determinadas,1
ndc,1
conagua,4
ecología,1
inecc,1
semarnat,11
inventario,1
compuestos,1
emisión,1
partículas,4
reducidas,3
teprijn,1
eprijn,1
ciento,1
cédula,1
gelm,1
lem,1
electrificadas,1
lm,1
mecanismo,4
protegida,2
pstn,3
uperficie,2
stbmc,1
anp,1
certificada,1
advc,1
incorporada,1
tstn,1
psmn,3
smbmc,1
área,1
tsmn,1
restaurada,4
degradados,5
atoyac,1
lerma,1
santiago,1
psredzp,1
sedzprt,1
stedzp,1
tecnificada,4
tecnificar,2
pstdrp,1
st,1
tsptdrp,1
programada,1
estadísticas,1
implementados,1
acumulada,1
vestido,1
conlleva,1
vulnere,1
pob,1
fecha,2
había,2
realizado,2
irshm,1
mitm,1
mith,1
proporcionados,4
ntec,1
spu,1
spr,1
sc,1
mapa,1
semujere,1
bplmh,1
tpplh,1
reporte,2
tpplm,1
consideró,2
contaba,1
dedicadas,2
chplc,1
hmlc,1
hhlc,1
enasic,1
funcionarias,4
directivas,4
pmpd,1
ndmfd,1
ntmhs,1
cargos,6
pmcep,1
nmcep,1
tcep,1
senadoras,2
diputadas,4
gobernadoras,2
presidentas,2
alcaldesas,2
regidoras,2
síndicas,2
cámara,1
diputados,1
senado,1
demarcaciones,2
determinada,1
levantamiento,1
enadis,2
adis,1
quinquenal,4
prevalencia,2
pvtot,1
mvv,1
incidente,1
modalidad,1
solicitan,5
tales,1
jurídicos,2
psicoemocionales,1
albergues,1
autonomías,1
lúdicas,1
vmsrse,1
msrse,2
sexenal,1
operaciónapertura,2
cco,1
indica,2
á,1
catálogo,3
cnartys,1
retys,1
agencia,1
llave,4
ppidn,1
pidn,1
único,4
ptputd,1
tputd,1
tf,1
trienal,1
bicentenario,1
útil,1
lanzamiento,1
manteniendo,2
irt,1
idti,1
pi,1
figura,3
secihti,2
reconocen,3
conformidad,5
creadas,1
modificadas,1
mandatado,1
plgfe,1
autonomí,1
lgfer,1
tlgfe,1
susceptibles,2
modificación,2
establecido,1
inpi,13
gaceta,1
parlamentaria,1
gacetas,2
parlamentarias,1
congresos,1
oficial,3
elaborará,1
determinar,1
universo,1
transitorios,1
tercero,1
quinto,1
decreto,2
reforman,1
adicionan,1
derogan,1
disposiciones,1
publicado,1
septiembre,1
lanes,1
esarrollo,1
ueblos,2
fromexicanos,2
ndígenas,1
ppjdr,1
npjdri,1
tpjdr,1
administran,3
ejecutan,3
ejercido,1
ejecutado,1
pciaae,1
nciaae,1
tcia,1
registradas,3
residencias,1
lcaldías,1
electas,4
propuesta,4
partido,4
ocupan,1
alcalde,1
pmaesni,1
presidencias,3
npmaesni,1
tpma,1
órgan,1
ine,1
omunidades,1
apoyados,1
apoyan,1
registrada,2
inali,5
intérpretes,4
traductores,4
certificados,3
panitli,3
variantes,3
lingüísticas,3
pcl,1
nvl,1
intérprete,1
traductor,1
panitl,1
tvl,1
grupo,1
étnico,1
condicio,1
nes,1
psp,1
pisp,1
pit,1
estimada,1
nació,1
innecesario,1
depender,2
asia,2
producíamos,1
sustentan,1
equipo,1
equipos,1
farmacéutica,3
lug,1
emplee,1
balances,1
garantizara,1
ramas,1
equilibrios,1
manufactura,7
tradujo,1
pretende,1
remunerativos,1
dominado,1
trasladaba,1
desmantelando,1
excepción,1
robusta,1
globalización,1
concentrando,1
momentos,1
entrada,1
china,2
agresiva,1
desplazó,1
norteamérica,1
habí,1
multinacionales,1
trasladaban,1
comenzó,1
automotriz,3
electrónica,1
on,1
rezagados,1
sacrificara,1
diversificación,1
vieran,1
clara,2
pudo,1
completamente,1
dinámicas,2
hicieron,1
integrara,1
ensamblaje,1
reindustrialización,1
traduzca,1
corporaciones,1
engan,1
importados,1
logra,1
trabajadora,1
diversificada,1
distribuir,1
giones,1
creará,1
refuerce,1
lograrlo,1
sólidas,1
facilitan,1
puesto,2
incentiva,1
descentralizar,1
competitivos,1
aba,1
rca,1
férreas,1
logísticos,1
planteado,1
megavatios,1
provenga,1
asegurarán,1
garantizan,1
comprometa,1
acelerado,1
quedarse,1
semiconductores,2
aeroespacial,2
incorpora,1
eleven,1
operativos,1
industrializado,1
apuesta,1
competitiva,1
preparada,1
esafíos,1
cuantos,1
traza,1
relanzar,1
químico,1
vacunas,1
hechas,1
fabricación,1
envasado,1
biotecnología,1
concretar,1
ventanilla,1
profesionistas,1
técnicos,1
anuales,1
alineada,1
contarán,1
visitados,1
pendientes,1
publicar,1
sectorial,1
derivan,1
indican,1
agrupados,1
je,1
ransversal,1
deberán,3
elaborados,2
atribución,1
fundamento,2
normativa,2
agroindustria,1
espectro,1
radioeléctrico,1
concurrente,1
hidráulico,1
remediación,1
señalados,1
lázaro,1
cárdenas,1
río,1
cabe,1
elaborar,1
paraestatales,1
correspondientes,1
consultas,1
enero,1
participó,1
envío,1
propuestas,9
asistió,1
convocatoria,1
agradece,1
expusieron,1
preocupaciones,1
reflexionaron,1
nece,1
sidades,1
hist,1
órico,1
voz,1
reconociéndolos,1
páginas,1
planeandojuntasgobmx,1
planeandojuntosgobmx,1
revelaron,1
ver,1
recibidas,2
dirigieron,1
destac,1
relacionadas,1
resaltando,1
tamaño,1
letra,1
propue,1
stas,1
ntidades,1
contó,1
sesión,1
plenaria,1
mesas,4
permitió,1
escuchar,1
voces,1
enriqueciendo,1
sumadas,1
página,1
finalidad,1
relevantes,1
pa,1
ra,1
ayudaron,1
delinear,1
presentadas,1
ste,1
