word_2018,count
índice,1
presentación,1
honradez,3
honestidad,3
gobierno,54
rico,2
pueblo,19
pobre,2
margen,2
ley,8
nada,3
encima,3
economía,18
bienestar,47
mercado,11
sustituye,2
estado,38
bien,10
todos,24
primero,5
pobres,5
dejar,6
atrás,2
fuera,6
puede,7
haber,4
paz,24
justicia,13
respeto,21
derecho,18
ajeno,2
migración,5
hambre,4
violencia,18
democracia,8
significa,6
poder,31
ética,9
libertad,6
confianza,8
política,30
erradicar,5
corrupción,28
dispendio,3
frivolidad,3
recuperar,5
separar,4
político,10
económico,22
cambio,13
paradigma,6
seguridad,51
i,4
reactivar,2
procuración,3
ii,2
garantizar,8
empleo,5
educación,30
salud,30
iii,2
pleno,5
derechos,36
humanos,12
iv,2
regeneración,5
instituciones,22
sociedad,20
v,2
reformular,2
combate,13
drogas,7
vi,2
emprender,2
construcción,13
vii,2
recuperación,11
dignificación,2
cárceles,2
viii,2
articular,3
pública,33
ix,2
repensar,2
reorientar,4
fuerzas,4
armadas,4
x,1
establecer,8
guardia,7
xi,1
coordinaciones,2
nacionales,13
estatales,8
regionales,11
xii,1
estrategias,6
específicas,3
participativa,8
revocación,2
mandato,9
consulta,6
popular,10
mandar,2
obedeciendo,3
exterior,8
principios,12
soluciones,4
raíz,3
igualdad,6
social,52
construir,8
desarrollo,53
sostenible,4
programas,17
programa,35
personas,22
adultas,4
mayores,10
pensión,6
discapacidad,7
becas,5
benito,8
juárez,9
jóvenes,21
construyendo,5
futuro,7
escribiendo,2
sembrando,3
vida,15
reconstrucción,4
urbano,5
vivienda,8
tandas,2
toda,11
población,33
instituto,5
cultura,12
detonar,1
crecimiento,21
mantener,4
finanzas,4
sanas,2
incrementos,3
impositivos,2
contratos,4
existentes,5
aliento,2
inversión,4
privada,5
rescate,7
energético,2
impulsar,11
reactivación,3
económica,12
interno,8
creación,14
banco,8
caminos,2
rurales,6
cobertura,7
internet,3
todo,20
proyectos,9
aeropuerto,7
internacional,12
felipe,4
ángeles,4
santa,5
lucía,5
autosuficiencia,4
alimentaria,5
campo,5
ciencia,4
tecnología,2
deporte,9
cohesión,5
orgullo,3
epílogo,1
visión,1
constitución,4
ordena,1
mexicano,4
velar,3
estabilidad,3
públicas,10
sistema,13
finan,1
ciero,1
planificar,1
conducir,1
coordinar,3
orientar,2
econo,2
mía,2
regular,5
fomentar,3
actividades,6
económicas,5
organizar,1
planeación,2
democrática,4
sarrollo,1
imprima,1
solidez,1
dinamismo,1
com,4
petitividad,1
permanencia,2
equidad,1
independencia,1
democratización,1
po,6
lítica,2
cultural,13
nación,5
propósito,12
carta,2
magna,2
faculta,1
ejecutivo,15
procedimientos,1
participación,11
criterios,1
formulación,2
instrumentación,2
control,5
evaluación,1
plan,9
pnd,1
perspectiva,3
instrumento,3
enunciar,1
problemas,2
enumerar,1
proyección,2
sexenal,4
primer,7
antecedente,1
elaborado,1
general,13
lázaro,1
cárdenas,1
plataforma,1
campaña,3
electoral,5
vez,2
inicia,1
do,5
orientación,2
lineamientos,3
constitucionales,4
mencionados,2
buscaron,1
convertir,1
práctica,5
obligación,1
presidencia,3
fin,15
dar,1
coherencia,1
continuidad,1
administración,9
ejercicio,10
presidencial,2
plasmar,2
documento,5
estructurado,1
consensuado,1
objetivos,7
propone,1
alcanzar,5
medios,5
lograrlo,2
significado,1
rector,3
podría,1
parecer,1
evidente,3
pero,15
porque,9
sucesivos,1
go,7
biernos,1
fecha,1
operado,2
concepciones,1
definiciones,1
distintas,2
contrapuestas,1
desa,1
rrollo,1
políticas,21
penúltima,1
déca,2
da,6
siglo,4
pasado,6
tuvo,2
lugar,11
brusco,1
viraje,1
implicó,1
pasar,1
estabilizador,4
privatizador,1
caracterizaba,1
fuerte,4
presencia,4
público,19
monopolio,3
sectores,17
estratégicos,4
sustitución,2
importaciones,2
proteccionismo,1
comercial,4
fortalecimiento,7
mer,2
cado,1
infraestructura,8
parte,20
fomento,2
industrialización,1
modalidades,4
públicoprivada,2
tal,6
estrategia,11
tenía,1
correlato,1
condiciones,10
prestaciones,2
laborales,7
mecanismos,11
redistribución,2
movilidad,4
apoyo,18
simultáneo,1
producción,14
agrícola,1
abasto,2
ciudades,4
modelo,11
per,4
mitió,1
creciera,1
tasas,5
anuales,2
superiores,1
ciento,15
entró,1
crisis,8
años,21
setenta,1
sexenio,17
miguel,1
madrid,1
transición,2
neoliberales,9
fueron,12
implantadas,1
lleno,2
salinato,1
neoliberalismo,7
significó,1
desmantelamiento,2
sostenido,2
sec,1
tor,1
dramática,1
reducción,4
apertura,1
indiscriminada,2
desregulación,1
frentes,1
supresión,2
conquistas,1
eliminación,3
subsidios,1
ge,2
nerales,1
remplazo,1
sistemas,8
clientelares,2
focaliza,1
dos,12
depauperados,2
parcelamiento,1
facultades,4
gubernamentales,3
comisiones,2
orga,1
nismos,1
autónomos,1
abdicación,1
potestades,1
bierno,4
diversas,6
instancias,5
internacionales,9
marco,8
inserción,2
global,1
observa,1
retrospectiva,1
ciclo,6
neoliberal,15
superación,3
salida,2
finales,1
desarro,2
llo,2
perpetuación,1
ahondamiento,1
señalan,1
indicadores,2
multiplicación,1
deuda,5
externa,2
pérdida,3
adquisitivo,2
moneda,1
salario,2
desigualdad,3
pobreza,21
marginación,12
gobiernos,7
reprobados,1
propio,2
fetiche,1
eran,1
cifras,2
macroeconómicas,1
estas,5
tres,7
décadas,9
lejos,4
resolver,4
conflictos,8
distintos,3
agudizado,2
llevado,2
peligrosos,1
puntos,3
quiebre,1
aplicación,4
preceptos,1
consenso,2
washington,1
tradujeron,1
desestabilizador,1
incrementó,1
dificultades,2
obstáculos,1
conviven,1
cia,6
generó,3
oligarquía,2
políticoempresarial,3
superar,1
atenuar,2
aspectos,2
políticos,4
sociales,22
in,5
aceptables,3
acentuó,1
llevó,3
niveles,7
generalizados,1
carácter,8
antidemocrático,2
desigual,1
dad,8
entendida,1
ésta,2
sólo,12
diferenciación,2
cre,2
ciente,2
segmentos,1
regiones,6
ciudad,5
mediocres,1
periodo,10
promedios,1
reflejan,1
realidad,3
contrastada,1
mientras,6
algunas,2
entidades,7
particularmente,6
norte,12
centro,3
crecieron,1
cercanas,1
otras,10
registraron,1
índices,4
negativos,1
decir,3
trocedió,1
forma,18
sostenida,3
agudizaron,1
desastre,4
duda,2
destrucción,1
contrato,1
construido,1
gobier,2
posrevolucionarios,1
incapacidad,2
remplazarlo,1
nuevo,12
pacto,6
prueba,1
facciones,1
ejercieron,1
lapso,1
pudie,1
ron,3
dotarse,1
nueva,14
documen,1
to,10
plasma,1
hubieron,1
recurrir,2
reformas,3
adulteraron,1
mucho,7
espíritu,3
pudieron,1
definitiva,1
suprimir,1
totalidad,1
circunstancias,4
sucedieron,1
recurrieron,2
simulación,3
generalizada,4
sucedáneo,1
cumpli,1
miento,3
efectivo,3
suprema,1
derivadasen,1
correspondencia,1
lenguaje,4
discurso,1
oficial,1
sis,2
temáticamente,1
desvirtuado,1
manipulación,3
le,8
llamó,1
solidaridad,4
saqueo,6
denominó,1
opacidad,1
encubrimiento,1
bautizados,1
confidencia,1
lidad,2
información,3
reservada,1
protección,10
datos,2
sonales,1
apropiación,1
indebida,1
bienes,6
públicos,13
llamada,3
desincorporación,1
denominada,1
licitación,1
adjudicación,1
directa,1
falsificación,1
uno,9
factores,3
explican,1
bancarrota,3
desembocó,1
régimen,9
oli,1
gárquico,1
escepticismo,1
pala,2
bra,2
autoridades,5
terminó,3
convirtiéndose,1
repudio,1
fuerza,6
mentir,2
gobernantes,8
llega,1
total,3
agotamiento,1
credibilidad,1
situación,5
permite,2
aquilatar,1
capacidad,7
convocatoria,1
logró,1
precepto,1
robar,1
traicionar,1
otro,4
elemen,2
explica,1
derrota,1
bando,1
propuesta,3
contenida,2
embrionaria,1
proyecto,6
capaz,2
contener,1
remontar,1
desbarajuste,1
conducido,1
promesa,1
allí,3
expresada,1
simple,1
profunda,1
mexicana,4
necesitan,1
instaura,2
ruta,2
alcanzarlos,1
conjunto,6
reglas,2
explícitas,1
implícitas,1
convivencia,7
incremento,3
productividad,2
competitividad,1
tienen,6
sentido,5
sí,4
mismos,2
lograr,5
objetivo,13
superior,13
servir,2
interés,6
públi,4
co,7
intereses,7
privados,4
vigencia,1
complementada,1
so,5
cial,2
tolerancia,1
implícita,1
expresa,1
pac,2
corresponde,1
cumplir,3
ela,1
borados,1
referencia,6
falsos,1
propósitos,5
mendaces,1
términos,4
informes,1
presidenciales,1
expresiones,4
correspondiente,2
tendrá,7
histórico,5
mar,2
cará,1
planes,1
distanciarse,1
ellos,5
clara,3
tajante,1
implica,2
restitución,1
vínculos,2
palabras,1
significados,1
deslinde,1
respecto,2
oscuro,2
tecnocrático,1
comunicar,2
gu,1
bernamentales,1
escondía,1
luego,1
elabora,1
recogerse,1
aprobado,1
urnas,2
julio,4
incluye,1
concepto,3
mismo,8
países,11
aplicado,2
encarnizada,1
brutal,3
destructiva,2
duró,1
tiempo,8
pe,4
queña,1
élite,4
impuso,1
adueñó,1
perpetuó,1
ellas,1
suce,1
sivos,1
fraudes,1
electorales,3
largo,2
elección,2
determinó,1
rumbo,3
sublevación,1
legal,8
pacífica,5
fruto,1
paulatina,1
toma,1
conciencia,2
unió,1
organizó,1
enterrar,1
hemos,3
llamado,3
cuarta,8
transformación,11
nuestros,3
antepasa,1
correspondió,1
modelos,3
remplazar,1
orden,4
colonial,2
conservadurismo,1
aliado,1
intervención,6
extranjera,2
porfiriato,1
nosotros,1
toca,1
edificar,2
sigue,1
tras,2
exclusiva,2
aunque,1
nuestro,6
sea,5
ro,2
tunda,1
faltar,1
principio,8
autodeterminación,2
soberanía,8
naciones,9
edifiquemos,1
inspiración,1
otros,16
pueblostenemos,1
mundo,8
responsabilidad,2
posneoliberal,1
convertirla,1
mode,2
viable,1
ordenamiento,2
debemos,1
demos,1
trar,1
autoritarismo,1
posible,7
imprimir,2
modernidad,2
forjada,1
aba,1
jo,2
excluir,2
tiene,9
porqué,1
contrario,2
tales,4
enmarca,1
estos,3
rectores,1
característica,1
perniciosa,2
neo,1
liberales,1
mexicanos,15
extendida,1
conver,1
tida,1
administrativa,2
principal,5
inhibidor,1
eso,3
estamos,5
empeñados,1
acabar,3
monetaria,2
conllevan,1
mentira,1
robos,1
monumentales,1
recursos,10
acompañados,1
suntuosidad,1
frivoli,1
expensas,1
erario,2
enriquecidos,1
insultante,1
contraparte,1
millo,3
nes,8
presupuesto,3
lujos,2
faraónicos,1
altos,3
funcionarios,10
consumieron,1
debie,1
emplearse,1
cumplimiento,4
obligaciones,2
desposeídos,2
poner,1
dispendios,2
políti,1
ca,6
austeridad,2
republicanaal,1
sistemático,1
quebrantamiento,1
leyes,8
tanto,12
letra,1
desempeñar,2
estricto,1
acatamiento,1
separación,4
poderes,4
observancia,4
colectivos,2
empezando,2
represión,2
razón,2
solución,4
diálo,1
privilegios,2
cese,2
fueros,1
producir,1
estadísticas,1
armoniosas,1
generar,2
macroindicadores,1
instrumen,1
medición,1
retomaremos,1
camino,1
disciplina,1
fiscal,6
endeudamiento,2
decisiones,7
autónomas,1
empleos,10
impulso,4
agro,4
investigación,3
durante,11
empeñó,1
redu,2
cir,1
aparato,3
administrativo,2
servicio,5
grandes,5
corporaciones,5
coercitivo,1
contra,9
mayorías,3
idea,2
pú,5
blicas,1
debían,1
renunciar,1
papel,2
rectoras,1
impul,2
soras,1
bastaba,1
mano,5
invisible,1
corregir,1
distorsiones,2
desequilibrios,2
injusticias,2
aberraciones,1
costosa,1
insensatez,1
recuperará,2
fortaleza,1
garan,1
te,7
árbitro,1
generador,2
coherentes,1
articulador,1
consumó,1
iglesia,1
pro,9
puesto,1
connivencia,3
fusión,1
ambos,2
gubernamental,5
orientado,7
beneficiar,2
pri,1
vados,1
corporativos,2
detrimento,1
desentiende,1
miembros,1
débiles,2
desvalidos,1
rompe,1
empatía,2
factor,2
indispensable,6
acaba,1
envilecimiento,1
excluyente,2
concentrador,1
riqueza,7
unas,5
cuantas,3
manos,2
opresor,1
pobla,3
cionales,1
minorías,1
depredador,2
entorno,5
progreso,1
retroceso,1
somos,1
seremos,1
respetuosos,1
pueblos,7
originarios,1
usos,1
costumbres,1
autode,2
terminación,2
preservación,5
territorios,1
propug,1
namos,1
sustantiva,1
mujeres,7
hombres,6
dignidad,3
adultos,4
tener,6
rechazamos,1
dis,2
criminación,1
características,2
físicas,4
posición,2
esco,2
laridad,1
religión,1
idioma,1
origen,6
preferencia,2
ideológica,1
identidad,1
género,2
pre,4
ferencia,1
sexual,2
propugnamos,1
res,5
petuoso,1
habitantes,4
hábitat,1
equitativo,1
subsanar,1
agudizar,1
desigualdades,3
defensor,1
diversidad,5
ambiente,2
natural,2
sensible,2
mo,3
dalidades,2
singularidades,1
locales,5
consciente,4
necesidades,12
futuros,1
quienes,9
podemos,1
heredar,1
territorio,14
ruinasno,1
inseguridad,8
delincuencia,8
costo,1
inaceptable,2
vidas,2
humanas,1
materiales,6
gobernabilidad,1
inhiben,1
debilitan,1
municipio,1
barrio,1
blica,3
aplicadas,2
administraciones,2
anteriores,3
catastróficas,1
catástrofe,1
aplicando,1
materia,8
plantea,1
prioridades,2
restarle,1
criminalidad,4
incorpora,1
masiva,2
estudio,2
trabajo,16
apartar,1
conductas,4
antisociales,4
reinserción,5
guerra,4
adopción,3
prevención,10
tratamiento,3
adicciones,3
procesos,5
pacifica,1
esclarecimiento,1
reparación,4
garantía,7
repetición,2
reconciliación,1
medidas,5
lavado,3
dinero,6
inteligencia,6
policial,8
promulga,1
reforma,4
constitucional,4
contar,3
policía,11
proximidad,3
sencia,1
permanente,3
día,2
mi,1
realizamos,1
reuniones,1
diarias,1
gabine,1
seguimiento,2
precisos,1
puntuales,1
hechos,4
delictivos,2
recuperado,2
hicieron,3
ejemplo,4
mundial,3
relaciones,3
basadas,1
cooperación,4
diálogo,4
rechazo,1
humanosno,1
embargo,3
agudizó,1
emigración,4
hoy,6
tenemos,2
alto,7
nues,1
tra,3
gente,1
reside,2
muchas,1
veces,1
condicio,1
precariedad,1
sujeta,1
discriminación,4
atropellos,4
aspiramos,1
ofrecer,4
ciudadanos,4
adecuadas,1
puedan,5
vivir,3
seguri,2
tierra,4
nacieron,2
consulados,2
estados,22
unidos,18
funcionarán,1
defensorías,2
migran,1
lograremos,1
tenga,5
ganarse,1
buscar,1
refugio,2
larga,2
tradición,3
asilo,2
salvado,1
innumerables,1
enriquecido,1
extranjeros,5
llegan,1
brin,1
daremos,1
hospitalidad,1
posibili,1
construyan,1
aquí,1
dotaremos,1
socia,2
lizar,1
involucrar,3
gran,8
des,7
ciudadana,8
riódica,1
asambleas,2
comunitarias,2
efectivas,1
reivindicamos,1
prin,1
cipio,1
mande,1
queremos,1
mandando,1
obedezca,1
misma,2
basa,1
vicción,1
generosidad,1
egoís,1
poderosa,1
odio,1
eficiente,1
colaboración,3
competencia,2
constructiva,2
prohibición,3
fructífera,2
desconfianza,1
certeza,2
princi,1
pios,1
éticos,4
civilizatorios,1
claves,1
renaciendo,1
oscura,1
noche,1
arriba,2
centrales,3
cual,7
convicción,3
quehacer,4
económi,1
multiplicar,1
irracional,1
acrítica,1
distribución,4
consumo,4
embe,1
llecer,1
menos,7
concentrar,1
rique,1
za,3
tarea,3
hay,4
empresarios,2
campesinos,4
artistas,1
comerciantes,1
trabajadores,3
profesionistas,4
viejos,1
indíge,2
nas,5
mestizos,2
norteños,1
sureños,1
potentados,2
desempleados,1
forjadas,1
representativa,2
deben,7
ampliadas,1
plementadas,1
permitan,3
hacer,4
efectivos,2
contenidos,1
artículo,2
esencial,1
originariamente,1
blico,1
dimana,2
instituye,2
beneficio,8
éste,4
función,6
ár,1
bitro,1
auspicioso,1
constructivo,1
empezar,2
mandatos,2
guardián,1
individuales,2
asumir,1
plenamente,1
impulsor,1
conductor,1
ta,3
llana,1
accesible,1
blación,2
venideras,1
documentos,2
fundamentales,2
histórica,3
viviendoerradicar,1
extrema,4
privatización,3
transferencia,1
particulares,1
prácticas,13
corruptas,3
agudizadas,1
riodo,1
dañaron,1
severamente,2
tareas,6
legales,8
atender,3
incidir,2
positiva,2
curso,4
pondrá,2
juego,1
todas,11
asegurar,1
ningún,4
servi,1
dor,2
pueda,2
beneficiarse,1
cargo,5
ostente,1
nivel,2
salvo,3
refiere,2
retribución,1
legítima,1
razonable,1
anterior,6
frontal,1
prácti,1
cas,1
desvío,1
concesión,1
beneficios,4
ter,1
ceros,1
gratificaciones,1
extorsión,2
morales,2
tráfico,4
influencias,1
amiguismo,1
compadrazgo,1
exención,1
trámites,1
aprovechamiento,1
quier,1
personal,4
grupo,4
tipificar,1
delito,6
grave,4
prohibir,1
adjudicaciones,1
directas,1
obligatoriedad,1
declaraciones,1
patrimonial,1
servidores,2
eliminar,4
fuero,1
interna,1
cional,6
tendiente,1
paraísos,1
fiscales,3
monito,1
rear,1
real,4
adquisiciones,1
realizar,3
verificaciones,1
obligatorias,1
precios,11
merca,1
antes,4
cualquier,5
adquisición,3
propondrá,2
congreso,2
unión,2
centralizará,1
ins,1
tancias,2
contraloría,1
reforzarán,1
fiscali,1
zadores,1
secretaría,10
sfp,1
auditoría,1
federación,1
asf,1
reorienta,1
rá,5
unidad,3
financiera,3
hacienda,4
crédito,9
shcp,1
creará,1
especializada,1
recibió,3
di,2
ciembre,1
estaba,2
plagado,1
redun,1
dantes,1
duplicidad,1
funciones,3
oficinas,2
partidas,1
presupuestales,1
resultados,2
apego,1
eliminará,2
despachos,1
inútiles,1
concentrará,1
dependencias,2
cen,2
tralizadas,1
reorientará,1
presupuestos,3
dispersos,1
gramas,1
significativos,2
impacto,1
opulencia,1
caracterizaban,1
llegado,1
actual,12
decidido,1
prebendas,1
disfrutado,2
medio,14
pon,1
drá,1
contratación,1
asignación,2
abusiva,1
vehículos,2
mobiliario,1
equipos,2
comunicación,2
viáticos,1
pago,4
seguros,1
gastos,3
médicos,2
fiestas,1
banquetes,1
viajes,2
únicamente,1
titulares,1
secretarías,5
podrán,3
disponer,1
vehículo,1
chofer,1
asig,1
narán,1
escoltas,1
aquellos,2
naturale,1
requieran,1
normas,2
asumido,1
optativo,1
discre,1
semejante,1
conducta,1
ungravísimo,1
daño,5
moral,3
cuanto,2
generalizó,1
ilegalidad,1
emplea,1
deberán,3
acatar,1
aplicar,1
vigentes,1
au,1
toridad,1
respetuosa,1
legalidad,3
restaurar,2
fianza,1
ella,3
abstenerse,1
simulaciones,1
cons,1
titucionalidad,1
practicaron,1
an,1
teriores,1
hace,5
atenerse,1
escrupulosamente,2
delimitaciones,1
impuestas,1
división,1
explícitamente,1
intervendrá,1
alguna,1
determinaciones,3
legislativo,3
judicial,3
respetará,6
atribuciones,2
jurisdicciones,1
municipales,5
fiscalía,2
república,8
elec,2
torales,1
comisión,6
reconocerá,1
otorga,1
comunidades,11
indígenas,10
decisión,1
someterá,3
fallos,2
organismos,3
instrumentos,2
miembro,2
signata,1
rio,2
organización,6
unidas,3
corte,2
penal,3
comercio,4
tolerarán,1
faltas,1
regla,1
mentos,2
empleados,1
éstas,2
darán,1
sanciones,2
administrativas,2
rrespondan,1
serán,13
turnadas,1
casos,7
ameriten,1
erradicarán,1
robo,5
combustibles,5
evasión,2
combatirán,1
armas,2
ilícitos,1
podrían,1
perpetrarse,1
complicidad,1
infractores,2
públicoslas,1
diferencias,2
salarios,3
agente,1
ministerio,1
institución,6
juez,1
actualmente,8
abismales,1
reducidas,2
mínimo,4
dependiendo,1
rango,1
analizará,1
establecimiento,1
institucionales,2
dispo,2
siciones,2
evitar,1
policiales,5
some,1
tidos,1
proceso,5
sancionados,2
delitos,2
sean,3
recontratados,1
torsionado,1
pervertido,1
grupos,3
empresariales,2
punto,2
hizo,2
imposible,3
distinguir,1
unos,6
pues,2
tas,1
usadas,1
consolidación,2
expansión,2
fortunas,3
tan,5
diversos,3
consorcios,2
perversa,2
legislativa,1
planteado,1
esos,3
ámbitos,2
constitu,1
sucesivo,1
capaci,1
nombramiento,1
adop,1
realización,4
elaboración,1
gales,1
distorsión,2
voluntad,4
ocurrido,1
presión,1
mediáticosla,1
dinámica,1
negocios,2
buen,2
desempeño,1
sacar,1
ámbito,6
legítimas,1
activida,1
obtener,1
ganancias,1
mantendrá,1
estricta,1
vigilancia,2
vidores,1
combatirá,1
concesiones,3
sancionará,1
intento,1
inyección,1
autorizados,1
campañas,2
personales,2
clase,2
voto,2
emprendido,2
paradig,1
ma,5
pretendieron,1
delictiva,1
acciones,13
militar,6
populismo,1
sistente,1
endurecer,1
castigos,1
delictivas,2
resultado,6
catastrófico,1
dejó,2
saldo,1
pavoroso,1
muertos,1
desaparecidos,2
lesionados,1
descomposición,2
institucional,3
precedentes,2
gravísimo,2
tejido,2
currió,1
configura,1
cuerpos,2
omitió,1
profesionalización,3
entregó,1
manejo,5
extranjeras,2
padece,2
aún,5
consecuencias,1
equivocada,1
engendra,1
violen,2
tomando,2
cuenta,3
justificado,1
reclamo,1
ciudadano,2
decidió,1
cambiar,3
inte,2
gral,1
ataque,1
raíces,2
mismas,2
descontrol,1
delictivo,1
inme,1
diato,1
delictivosla,1
aprobada,1
cientemente,1
senado,1
establece,2
siguientes,3
descritos,1
apartados,1
puestos,2
cum,1
plimiento,1
infraestructu,1
ra,1
servicios,9
sectoriales,4
coyunturales,1
universidades,10
universal,2
ganadero,3
palabra,3
productos,6
alimentarios,1
básicos,5
sustentables,2
carretera,2
zona,5
libre,6
frontera,5
tren,5
maya,5
corredor,5
multimodal,2
interoceánico,3
permee,1
bus,1
carán,1
dotar,2
obligato,1
riedad,1
sanción,1
caso,6
incumplimiento,1
resoluciones,1
emitan,1
cono,1
cimiento,1
asigna,1
tura,2
formación,3
nuevos,3
elementos,5
excarcelará,1
come,2
tido,1
violentas,2
encuentren,6
prisión,1
motivos,1
buscarán,2
vías,3
efecto,2
actos,1
procesales,1
vinculación,2
juicios,1
penales,2
originados,1
acusados,2
ac,7
tos,5
protesta,1
erradicará,1
repre,1
sión,1
torturado,1
desaparecido,3
asesinado,1
cuerpo,1
fe,3
deral,1
tolerará,1
impunes,1
ciudadanía,2
ciedad,1
valores,1
constituye,1
componentes,1
estallido,1
origina,1
buena,4
medi,1
resentimiento,1
causa,2
negación,1
bá,1
sicos,1
falta,4
horizontes,3
derivada,1
panorama,1
intención,1
ejemplificante,1
austero,1
honesto,1
transparente,2
incluyente,1
respetuoso,1
libertades,2
apegado,1
necesi,1
dades,1
vulnerables,1
pendiente,1
momento,1
delincuen,1
organizada,2
traducirá,2
opción,1
preponderante,1
métodos,2
pacíficos,1
previa,1
comportamiento,3
mayoría,4
tupefacientes,1
prohibicionista,2
insos,1
tenible,1
generado,1
malos,1
aplica,3
traducido,1
reduc,1
peor,2
criminaliza,1
inevitable,3
consumidores,1
reduce,1
probabilidades,1
habilitación,1
escalado,1
problema,2
representan,5
prohibidas,1
convertirlo,1
alternativa,1
renuncie,1
pretensión,1
combatir,4
adic,1
ciones,3
sustancias,1
generan,1
dedique,1
bajo,4
padecen,1
clínico,1
suministro,2
dosis,1
prescripción,1
segundo,1
paso,2
ofrecerles,1
tratamientos,2
intoxicación,1
personalizados,1
supervisión,2
médi,1
única,1
posibilidad,5
reducir,1
residen,1
levantar,1
ilícitas,3
cursos,1
destinados,2
trasiego,2
aplicarlos,1
masivos,2
persona,2
lizados,1
desintoxicación,1
procurarse,1
negociada,1
relación,7
bilateral,2
multi,1
lateral,1
seno,1
onu,1
consustanciales,1
promoverá,3
tran,1
sicional,1
autoridad,2
imposibilidad,1
rrotar,1
preponderantemente,1
militares,2
frente,3
absurdo,1
querer,1
pacificar,1
violentos,1
resulta,4
imperativo,1
considerar,2
transicional,2
garanticen,1
víctimas,1
hagan,1
desarme,1
entrega,6
infracto,1
revisarán,1
expedientes,1
sentenciados,1
luz,1
lógicas,2
pacificación,1
determinar,1
pueden,5
objeto,2
amnistía,1
indulto,1
dicionados,1
cuatro,3
ejes,2
verdad,1
establecerá,2
consejo,2
instancia,2
articula,1
actores,1
extranjero,1
trabajen,1
invitará,1
representa,3
cndh,1
observadores,1
designados,1
gra,2
ves,1
enfrenta,1
convierten,1
mecanismo,2
pervierte,1
disuasorio,1
castigo,1
transformarlo,1
multiplicador,1
prisiones,1
convertido,1
escuelas,11
delincuentes,1
centros,5
operativos,1
crimen,1
organizado,1
nece,3
sario,1
mafias,1
carcelarias,1
internos,1
implementar,2
dignificar,2
alojamiento,1
ali,2
mentación,1
reclusos,1
atención,7
recomen,1
daciones,1
expertos,1
hundir,1
presuntos,1
sentencia,1
entornos,2
crueldad,1
vieja,1
discusión,1
señala,2
maldad,1
inna,1
individuos,3
considera,1
producto,3
tomará,1
partido,1
segunda,2
tuará,2
basado,1
premisa,1
peque,3
ña,1
porción,1
entiende,1
condición,2
ga,2
rantizar,1
integridad,3
libres,2
amenazas,1
du,2
radera,1
fortale,1
cerá,1
capacidades,2
ejecución,1
actualizar,1
catálogo,1
clasificación,1
instalaciones,4
estratégicas,2
fortalecer,2
interior,2
defensa,4
promover,3
postulado,1
contribuir,2
conocimiento,2
colectivo,1
tema,1
mejorar,4
tecnológicas,1
investiga,2
científica,3
generación,1
estratégica,2
bases,2
único,1
identificación,1
biometrizado,1
soldados,1
marinos,1
uniformado,1
procura,1
incrementar,2
civil,5
impulsará,7
enfatizará,1
par,2
ejército,1
armada,1
conservarán,1
territorial,5
asistencia,1
institutos,1
armados,1
seguirán,1
aportando,1
esferas,1
aeronáutica,1
informática,1
industria,5
ingeniería,1
carencia,1
corporación,4
profesional,1
afrontar,1
desafío,1
necesario,3
seguir,1
disponiendo,1
castrenses,1
guridad,1
cinco,4
termina,1
completa,1
primordial,1
servación,1
realizará,2
enfoque,4
comunidad,2
integrantes,6
regirán,1
doctrina,1
fundada,1
estará,3
adscrita,1
titular,1
quien,1
presida,1
órgano,1
mando,3
tratégico,1
táctico,1
consistirá,1
junta,1
jefes,1
compuesta,1
dependencia,2
ramos,1
marina,2
mixto,1
intermedio,1
órga,1
tendrán,3
entrena,1
jerarquía,1
estructura,2
permitirá,4
disciplinada,1
capacitada,2
dispondrá,1
suficien,1
tes,3
fijas,1
equipamiento,2
zo,1
despliegue,1
regional,6
sustituirá,1
policías,1
subsidiaria,1
medida,1
fase,2
inicial,3
conformará,1
procedentes,3
naval,2
secretariado,1
otra,4
prioridad,6
conforma,1
ten,1
drán,1
garantizados,2
adquiridos,2
provengan,1
paulati,1
na,6
homologación,2
sexenales,1
distribuidas,1
derativas,1
prioritarias,1
zonas,9
conflictivas,1
coordina,2
gabinete,1
encabezado,1
presidente,1
sesiona,1
diariamente,1
palacio,1
él,2
participan,2
secretarios,1
gobernación,1
convoca,1
regularidad,2
busca,4
replicar,1
escala,3
estatal,1
participa,1
coordinadores,1
federales,3
ejecutivos,1
comandancias,1
invitaciones,1
especiales,1
fiscalías,1
auto,3
ridades,1
judiciales,1
fundamental,3
desarrollado,1
siguien,1
asuntos,2
prioritarios,1
urgentes,1
desarrollará,1
considere,1
articule,1
fuerzos,1
aportaciones,1
órdenes,1
tome,1
contextos,2
colecti,2
va,3
coordinación,1
efectiva,5
cos,1
estandarizar,1
rubros,2
relacionados,1
capa,1
citación,1
certificación,1
dignifi,1
cación,1
impulsado,1
inmediato,1
solidar,1
amplia,1
parti,1
cipación,1
enfocará,1
esfuerzos,2
alternativo,2
crear,4
pendencias,1
encargadas,1
alternativas,1
sostenibles,1
hogares,2
dependen,1
ingreso,4
provisto,1
cultivo,1
extracción,1
ilegal,2
hidro,1
carburos,1
autotransporte,1
etc,1
especial,3
trabajará,2
disuadir,1
autores,1
lictivas,1
reincidencia,1
intervenciones,2
restaurativas,1
orientadas,1
resociali,1
zación,1
cometido,1
víc,1
timas,1
énfasis,2
crímenes,1
causan,1
exasperación,1
sexuales,3
desaparición,1
forzada,1
cuestro,1
asalto,2
transporte,5
supremo,1
pue,2
blo,2
insti,1
tucionalidad,1
conformada,1
electos,1
deposita,1
periódi,1
elecciones,1
temporal,2
conformando,1
separada,1
actuando,1
propios,5
vio,1
acentuado,1
cuando,6
utilización,1
facciosa,1
conformaron,1
pequeña,3
manejó,1
antojo,1
atenta,1
negociosel,1
creciente,1
divorcio,1
oligárquico,4
percepción,1
tividad,1
intrínsecamente,2
corrupta,1
inmoral,1
perdió,1
propia,2
influir,1
deci,1
siones,2
impotencia,1
abatimiento,1
desinterés,1
arduo,1
informa,1
surgimiento,2
movimien,1
ruptura,1
informativos,1
escasos,1
espacios,4
noticiosos,1
publica,1
veraces,1
sumó,1
aparición,1
redes,1
circulación,1
independiente,2
verda,1
oficiales,3
difundir,1
postración,2
era,8
perverso,1
distorsionado,1
condenado,3
siempre,5
podía,1
protago,1
nista,1
organizaba,1
contrarrestar,1
innumera,1
bles,1
fraude,2
revolución,3
conciencias,2
permitió,1
derrotar,1
ré,1
gimen,1
comicios,1
dirección,1
mexi,3
cana,1
realidades,1
mantiene,1
constante,2
trascendente,1
condu,1
cido,1
demo,2
cracia,2
suficiente,1
esté,2
informada,1
aten,1
participar,3
involucrarse,1
relevantes,1
borrarse,1
gobiernorevocación,1
tenido,1
ninguna,3
concre,1
tarse,1
vocación,1
mandantes,1
mandatarios,1
corrección,1
ineficiencias,1
malas,1
actitudes,1
basta,1
elegir,1
consultará,1
poblaciones,5
regio,1
nal,4
local,2
veredicto,1
afecten,1
involucren,1
acatando,1
disposiciones,1
contenidas,1
varios,1
artí,1
culos,1
tratados,1
signatario,1
convenio,2
tomar,1
escuchar,1
gobernados,1
actuar,1
consecuencia,4
están,3
obligados,2
servirse,1
desempeñarse,1
usurpadores,1
acordar,1
imponer,1
presente,12
aferrarse,1
cargospolítica,1
oligárquicos,2
conllevó,1
liquidación,1
históricos,2
hunden,1
historia,5
nacio,2
colocaron,1
diplomacia,1
titudes,1
sumisas,1
incoherencia,1
extremado,1
pragmatismo,1
entreguista,1
corrupto,2
conducción,1
diplomática,1
sitiva,1
resultó,3
plasmada,1
normativos,1
continuación,1
enumeran,1
controversias,1
proscripción,1
amenaza,1
ju,1
rídica,1
promoción,1
lucha,2
ofrece,2
amistad,1
hermanas,1
américa,3
latina,1
caribe,1
ratifica,1
pertenencia,2
región,4
intercambios,1
económicos,4
culturales,5
científicos,2
tecnológicos,1
abonen,1
integración,3
latinoamericana,1
disposición,1
pecialmente,1
marcada,2
centroamericanas,1
estrechos,1
vecindad,1
cercanía,1
compartidapor,1
norteamérica,1
junto,2
canadá,3
socio,1
comparte,1
kilómetros,2
invasiones,1
pojo,1
inten,1
intercambio,1
demográfico,2
nuestra,1
tratado,3
tmec,1
sucesor,1
tlcan,1
compleja,1
fronteri,1
doce,2
millones,21
estadunidense,1
veinte,1
residencia,4
cerca,2
millón,3
colocan,1
lación,1
esas,2
buscará,6
conduzca,1
mutuo,1
búsqueda,1
negocia,1
comunes,1
fenómenos,1
migra,1
torios,1
sur,2
situaciones,2
adversas,1
enfren,1
viven,3
vecino,4
transnacional,1
divisas,1
dieron,1
hecho,2
yor,2
fenómeno,3
soslayaron,1
enteras,1
lugares,2
tuvieron,1
consecuen,1
aniquilación,1
abandono,3
desempleo,2
redistri,1
bución,1
agudización,1
insegu,1
ridad,3
detonaron,1
virtual,1
huida,1
connacionales,2
segu,2
perspectivas,3
ocupó,1
emigra,2
alentó,1
incluso,2
explícita,2
paliar,1
sufrimientos,1
padecido,2
presiden,1
cias,1
mexicanas,3
trataron,1
migratoria,2
afán,1
cabildeo,1
propuestas,1
ne,4
gociación,1
rigor,3
asunto,2
soberano,1
representantes,1
viejo,1
incurrieron,1
intervencionistas,1
injustificables,2
perniciosas,1
debilitaban,1
fensa,1
abogaban,1
trato,2
digno,2
justo,3
migratorias,2
sometían,1
suerte,1
migrantes,4
demoliendo,1
defender,1
río,2
bravo,1
defenderá,1
alcance,3
red,2
operar,2
convencio,1
propias,3
estadunidenses,1
prevenir,1
remediar,1
violaciones,2
vecina,1
insistirá,1
modificación,1
atacará,1
causas,2
profundas,1
dignos,1
edificación,1
tar,2
cano,2
vea,1
obligado,1
abandonar,1
falte,1
realiza,1
espera,1
tengan,5
incidencia,1
concreta,1
mejoría,1
principales,2
expulsoras,1
obra,4
actúen,1
corti,1
captar,1
flujo,1
migratorio,1
tránsito,1
nor,1
transístmico,2
generarán,1
digna,2
atraer,2
anclar,1
huyen,1
central,1
queri,1
interpretar,1
resolverle,1
llegada,1
garantizarles,1
éstos,2
dere,1
chos,2
negado,1
hermanos,1
centroamérica,1
flujos,2
migratorios,1
crecientes,1
afirmado,1
irresoluble,1
empobrecimiento,1
acentuación,1
efectos,1
contrarrestarse,1
negociación,1
franco,1
triángulo,1
centroamericano,1
guatemala,1
honduras,1
salvador,1
reactiva,1
capaces,1
desacti,1
var,1
migratorioel,1
final,1
trabajar,1
estudiar,1
pers,1
pectivas,1
vean,2
forzadas,1
abandonarlos,1
úni,1
camente,1
emigren,1
deseen,1
hacerlo,1
necesidad,3
respecta,1
dado,1
giro,1
había,1
venido,1
poniendo,1
cierto,1
requiere,2
registro,1
razones,1
em,4
pezando,1
interesados,1
estadística,1
acogida,1
retomado,1
hospitalario,1
integrador,1
migraciones,1
aplicará,1
necesarias,2
transitar,1
afincarse,1
preciso,1
adelantarse,1
posibles,1
humanita,1
ria,2
debida,1
arribo,1
sensibilizar,1
erradicación,2
racismo,2
xenofobia,1
paranoia,1
desgracia,1
anidado,1
algunos,1
priorizará,3
prohibiciones,1
comportamientos,1
posturas,2
ideológicas,1
creencias,1
religiosas,1
preferencias,2
construirán,1
univer,1
sidades,1
recintos,2
deportivos,4
reclusorios,1
coerción,1
concientización,2
op,1
tará,2
sará,1
comprometerá,1
discriminatorias,1
perpetuado,1
opresión,3
poblacionales,1
enterosconstruir,1
importante,3
viviendo,1
última,1
progra,1
mas,1
opera,1
orien,2
tados,2
xix,1
movimientos,1
obreros,1
impulsaron,1
mu,1
reivindicaciones,1
tarde,3
habrían,1
quedar,1
plasmadas,1
universales,2
gratuitos,1
vacaciones,1
pagadas,1
jornada,1
máxima,2
traba,1
mínimos,1
marcadas,1
europa,1
edificaron,1
artículos,4
sentaron,1
predominantemente,1
agrario,5
tradiciones,2
requería,1
enérgicas,1
recaudatorias,1
tatal,1
moderara,1
enormes,1
desemboca,1
alguno,1
das,2
normal,2
aceptado,1
capitalistas,1
dustrializados,1
detentara,1
telecomunicaciones,1
ferrocarriles,1
operación,2
puertos,2
aeropuertos,1
pen,1
supuesto,2
saluden,1
capitales,1
ideólogos,1
economistas,1
vieron,1
oportu,1
nidad,1
desmantelar,1
provecho,1
señanza,1
propiedad,4
alzó,1
clamor,1
concertado,1
señalaba,1
mal,4
admi,1
nistrador,1
afirmó,1
resultaba,1
demasiado,1
costoso,1
man,1
adujo,1
gasto,1
inflacionario,1
déficits,1
incontrolables,1
acabarían,1
llevando,1
imaginable,1
dictadura,1
chilena,1
instaurada,1
criminal,1
violenta,1
laboratorio,1
pasó,2
bretaña,1
conservadores,1
posteriormente,1
eliminaron,1
sinfín,1
regulaban,1
redujeron,1
impuestos,2
prendió,1
ofensiva,3
sindicatos,1
financieras,3
padeció,1
adelante,1
llevaron,1
colapso,1
pio,1
denominado,1
partir,3
empezaron,1
adoptar,1
claro,2
seis,3
imposi,1
carlos,1
salinas,1
receta,1
aplicada,1
inició,2
desastroso,2
perio,1
culminó,1
dolorosa,2
herencia,3
multiplicada,1
deterioro,2
cambiado,1
muchos,4
sentidos,1
sería,1
disparatado,1
intentar,1
retorno,2
bilizador,1
atenuaron,1
erradicaron,1
miseria,1
cla,1
ramente,1
vive,1
abierta,2
antiguo,1
bipolar,1
digital,2
trastocado,1
viejas,1
grado,4
tiempos,2
previos,1
toleraría,1
ritario,1
mantuvo,1
vía,4
definirse,1
construiremos,1
abajo,4
protagonismo,1
ganado,2
oprimidos,1
despojados,1
discriminados,1
tradicionalmente,2
atropellados,1
reses,2
ignorados,1
formidable,1
reserva,1
civi,1
lización,1
mesoa,1
mericana,1
resistido,1
trescientos,1
dominio,1
guerras,1
intestinas,1
repú,1
rapaz,1
incluya,1
vasta,2
socioeconómicas,1
espiritualidades,1
culturas,1
idiomas,1
ocupaciones,1
oficios,1
edades,1
iden,1
tidades,1
confluye,1
excluirá,1
precisamente,1
respuesta,1
exclusión,3
im,2
pedidas,1
desinformación,1
etapa,2
gestor,1
oportunidades,3
presentó,1
nera,1
garante,1
diferencia,1
aza,1
rosas,1
temporales,1
discrecionales,1
sujetas,1
término,3
presentan,1
afortunado,1
aprovechadas,1
inmanentes,1
irrenunciables,1
obligatorio,2
física,9
descrita,1
hará,1
rea,1
lema,1
indefensos,2
comprometido,1
época,1
evi,1
denciado,1
define,1
satisfacción,1
gene,2
ración,2
comprometer,1
neraciones,1
futuras,1
satisfacer,1
fórmula,1
resume,1
insoslayables,1
ambientales,2
aplicados,1
mínimamente,1
habita,1
ble,2
armónico,1
omiso,1
conduce,1
gestación,1
suer,1
corto,1
plazo,1
conlleva,1
severa,1
violación,1
nacido,1
considerará,2
circunstancia,3
impactos,1
ecología,1
guiará,1
subsane,1
impulse,1
provocar,1
afectaciones,1
zos,1
encuentra,2
acceso,7
garantice,1
vejez,1
plena,1
según,1
solo,2
contributiva,2
tie,1
nen,1
recta,1
intermediarios,1
jeta,1
bancaria,4
edad,4
mínima,1
inscribirse,2
ocurre,1
yores,1
hayan,1
inscrito,1
padrón,1
derechohabientes,1
activos,2
diciembre,2
mon,1
pesos,28
mensua,1
bimestral,3
depósito,3
directo,3
tarjeta,3
apoya,1
niñas,3
niños,4
jó,1
venes,1
manente,1
vivan,4
mitad,3
cuentran,1
vigen,1
monto,2
bimestrales,2
trega,1
dirigido,3
menores,1
cuyos,1
estudien,1
escuela,3
básica,3
media,3
limitado,1
beca,4
familia,1
mensuales,2
entregados,2
beneficiario,2
sucursales,2
haya,2
mesas,1
entregará,1
padres,1
tutores,3
duración,2
escolar,3
bimestres,2
beneficiarios,2
reincorporarse,1
anualmente,2
propó,1
sito,1
estudiando,1
trabajando,1
reciban,2
capacitación,5
laboral,6
otor,1
mensual,3
capaciten,1
año,10
empresas,16
institucio,2
organizaciones,2
cibirán,1
desarrollar,1
habilidades,1
insertarse,1
éxito,1
labo,1
ral,1
meses,2
becarios,5
reciben,2
directamente,1
igualitaria,1
imss,2
seguro,2
médico,1
cubre,2
accidentes,1
enfermedades,3
maternidad,1
riesgos,1
rante,1
labores,1
asistentes,1
veladores,1
promo,1
tores,1
partidos,1
doméstico,1
tamaños,1
plomeros,1
electricistas,1
artesanos,1
municipios,6
órganos,1
autóno,1
mos,3
desconcentrados,1
dicatos,1
hospitales,5
museos,1
estén,4
inscritos,1
algún,1
modalidad,2
larizada,1
hogar,1
tuación,2
primera,3
normales,3
intercultu,1
rales,1
universidad,3
agraria,1
chapingo,1
dará,5
priori,1
afrodescendientes,2
hom,1
bres,1
prioritaria,1
becario,2
requi,1
sitos,1
educativa,3
expediente,1
completo,1
nú,1
mero,1
matrícula,1
asignado,1
asista,1
clases,2
concluyen,1
supe,1
rior,2
límite,1
máximo,2
número,3
previsto,1
estudios,4
carrera,1
cursen,1
sujetos,3
agrarios,3
rural,3
integral,4
campeche,2
chiapas,4
chihuahua,2
colima,1
durango,1
guerrero,4
hidalgo,2
michoacán,2
morelos,2
oaxaca,5
puebla,2
quintana,2
roo,2
san,3
luis,2
potosí,1
sinaloa,1
tabasco,3
tamaulipas,2
tlaxcala,2
veracruz,5
yucatán,4
incentiva,1
productivos,3
agroforestales,3
bina,1
cultivos,2
tradicionales,1
árboles,2
frutícolas,1
maderables,1
milpa,1
intercalada,1
frutales,1
miaf,1
contribuirá,1
pleos,1
incentivará,1
mejorarán,1
ingresos,2
pobladores,2
forestal,2
hectáreas,6
otorgará,1
habiten,2
localidades,3
inferior,1
propietarios,5
poseedores,3
disponibles,1
yectos,1
recibirán,6
apoyos,5
especie,1
agroforestal,2
plantas,2
sumos,1
herramientas,2
acompañamiento,1
técnico,1
implementación,2
técnicos,1
compartirán,1
conocimien,1
experiencias,1
aprenderán,1
sabiduría,1
convivido,1
naturaleza,1
tado,1
afectada,1
septiembre,1
febrero,1
prioriza,1
mayoritariamente,1
indígena,1
considerando,1
concentración,2
daños,1
proporcio,1
nalidad,1
afectación,1
inmuebles,1
localidad,1
viviendas,1
intersecretarial,1
creada,1
me,7
diante,3
decreto,1
encabezada,1
reubicación,1
acondicio,1
namiento,1
restauración,1
rehabilitación,4
mantenimiento,1
conservación,4
afectados,2
sismos,1
moverá,1
académicas,1
pequeñas,6
cooperativas,1
privile,1
giando,1
entidad,1
llevarán,1
cabo,3
trate,1
alta,3
especialización,2
preservar,1
patrimonio,3
presupues,1
ocho,2
ejercidos,1
comenzado,1
mejoramiento,2
polos,1
turístico,1
aminorar,1
contraste,1
hoteles,1
lujo,2
desarrollos,1
urbanos,1
exclusivos,1
colonias,2
margi,1
nadas,1
realizarán,2
obras,3
yo,1
mejo,1
ramiento,1
abarca,1
fronterizas,1
tijuana,1
mexicali,1
colorado,1
nogales,1
acuña,1
piedras,1
negras,2
laredo,1
reynosa,1
matamoros,1
marginadas,1
turísticos,2
cabos,1
bahía,1
banderas,1
acapulco,1
miles,4
ampliación,1
van,2
rees,1
tructurar,1
créditos,4
infonavit,1
be,2
neficiar,1
familias,2
trabajadoras,1
pequeños,6
gocios,1
insumos,4
tipo,1
unidades,2
iniciales,2
sos,2
pa,2
gado,2
podrá,2
acceder,1
préstamo,1
siguiente,1
cantidad,1
fi,1
nanciar,1
tope,1
dispone,1
financiar,3
devastado,1
tendió,1
gratuidad,1
sometió,1
acoso,1
presu,1
puestal,1
ciclos,1
básico,2
vistos,1
negocio,1
venderle,1
educativos,2
inservibles,1
inflados,1
emprendió,1
sado,1
operó,1
contrarreforma,1
contraria,1
rechos,1
magisterio,2
orientada,2
diciones,1
enseñanza,3
tradujo,1
degradación,1
calidad,3
dio,2
cientos,1
constitucio,1
mutilado,1
privó,1
incalculable,1
graduados,1
agravó,1
auge,1
alteración,1
derivó,1
enconado,1
conflicto,1
represivas,1
comprome,1
tió,2
inicio,1
revertir,1
escolares,2
encuentran,2
garcía,1
iniciaron,1
marzo,2
plante,1
instalación,2
planteles,2
densidad,1
poblacional,2
nula,1
oferta,1
universitarios,1
rezago,1
escue,1
universitarias,1
distribuyen,1
guanajuato,1
ofrecen,2
plazas,3
estudiantes,2
edificios,1
permanentes,2
operarán,1
construidos,1
concurso,2
comunitario,1
loca,1
terrenos,2
donados,1
comodato,1
comisariados,1
ejidales,1
carre,1
ras,2
ingenierías,1
industrial,1
agroalimentaria,2
ambiental,2
electromecánica,1
agronomía,1
minas,1
piscícola,1
acuacultura,1
sustentable,1
química,1
petrolera,2
energética,4
petroleros,1
energías,1
renovables,2
medicina,2
comunitaria,1
enfermería,1
obstetricia,1
veterinaria,1
zootecnia,1
contabilidad,1
gestión,1
integrada,1
agua,4
biocultural,1
municipal,1
música,2
laudería,1
intercultural,1
bilingüe,1
contró,1
insuficiente,2
ineficien,1
depauperado,1
corroído,1
enfrentan,1
padecimien,1
terre,1
afanes,1
privatizadores,2
emitidos,1
copados,1
ideología,1
proliferaron,1
dispensarios,1
clínicas,1
categorías,1
establecimientos,1
blicos,1
librados,1
indo,1
lencia,1
burocrática,1
estrechamiento,1
presupuestal,1
casi,2
normativo,1
pacientes,1
llevar,1
curación,2
esperar,1
sometidos,1
quirúrgica,1
saturación,1
quirófanos,1
descomposturas,1
faltantes,1
equipo,3
siquiera,2
logran,1
terapias,1
afiliados,1
suma,2
dene,1
parcial,1
totalmente,1
desprotegido,1
bienestarel,1
recibir,1
médica,2
hospitalaria,1
tuita,1
incluidos,1
medicamentos,1
exámenes,1
clínicos,1
logrará,1
afiliadas,1
issste,1
brindará,1
técnica,1
pertinencia,1
discriminatorio,1
humano,2
dignificarán,1
temas,1
nutrición,1
hábitos,1
saludables,1
reproductiva,1
emprenderá,1
informativa,1
impulsarán,1
deportivas,2
generadores,1
cul,1
adjetivo,1
inculto,1
utiliza,1
peyorativo,1
denota,1
celebraciones,1
conmemo,1
raciones,2
patrones,1
alimentación,1
universo,1
simbólico,1
perso,1
construye,1
disfrute,1
dicionalmente,1
denominados,1
artes,3
plásticas,1
letras,1
escénicas,1
excluido,1
acti,1
vidades,1
circuitos,1
espiritualidad,1
igual,1
marginados,1
vigorosa,1
descuidar,1
materias,1
tradi,1
recaído,1
bellas,1
literatura,1
difusión,2
enriquecimiento,1
posee,1
estrecho,2
contacto,1
conocer,1
cesidades,1
aspiraciones,1
consagrados,1
arte,1
ben,1
centralizar,1
monopolizar,1
actividad,1
poblar,1
barrios,1
hacerse,1
necesaria,1
entor,1
desintegra,1
familiar,1
delictivadetonar,1
ochenta,1
debajo,2
requerimientos,1
pesar,2
bernantes,1
definieron,1
crecido,2
dispareja,1
exhiben,1
moderadas,1
decrecimiento,1
visto,1
mul,1
tiplicadas,1
decenas,2
cruzado,1
líneas,1
generada,1
afirmaban,1
generara,1
pirámide,1
iría,1
goteando,1
bene,2
ficiando,1
afirmación,1
falsa,1
puñado,2
magnates,1
acapararon,1
exiguo,1
jamás,1
llegó,1
mayorita,1
rios,1
afirmarse,1
ocurrió,1
fluyó,1
modo,1
empobreció,1
enriqueció,1
partida,1
doble,3
ricos,1
atraco,1
ernesto,1
zedillo,1
fondo,1
bancario,2
ahorro,3
fobaproa,1
encubrió,1
víos,1
desfalcos,1
perpetrados,1
banqueros,1
financieros,2
transfirió,1
resultante,1
originalmente,1
ascendía,1
añadidura,1
defraudadores,1
pingües,1
comprar,1
irrisorios,1
adquiri,1
multiplicaron,1
exponencial,1
siguen,1
pagando,1
deja,1
crecer,2
aquel,1
impresenta,1
pagado,1
adeuda,1
bancos,1
rescatados,1
dólares,1
enviada,1
privatizaciones,1
perversas,1
consistían,1
vender,3
remate,1
administraban,1
recompraba,1
desmesurados,1
saneaba,1
volvía,1
valor,2
claramente,1
privadas,4
exenciones,2
deducciones,1
injustificadas,1
recaudación,1
cayó,2
hombros,1
medias,1
medianas,2
adicionalmente,2
resintió,1
peso,1
institucionalizada,1
estanca,1
pesada,1
billones,1
sultado,1
irresponsabilidad,1
obliga,1
destinar,1
pagar,1
recurrirá,1
propósitono,1
gastará,1
ingrese,1
provendrán,2
ahorre,1
suntuarios,1
desper,1
dicio,1
respe,1
autonomía,1
reales,1
aumentos,1
inflación,1
tarifas,2
eléctricas,1
cirán,1
mediados,1
completen,1
refinería,1
bocas,1
electricidad,4
comba,1
tirá,1
cuentas,1
abstendrá,1
conceder,1
solían,1
otorgarse,1
consuetudinaria,1
causantes,2
suscritos,1
comprobara,1
obtenidos,1
cuyo,2
denunciarán,1
correspondientes,2
alentará,1
jurídica,1
transparencia,2
claras,1
gionales,1
asociación,1
impuesta,1
causó,1
petróleos,1
productivas,2
venían,1
sufriendo,1
embate,1
signios,1
exportador,1
importador,1
crudo,1
bustibles,1
refinados,1
insignificante,1
ven,1
tajosísimas,1
importancia,1
pemex,2
cfe,2
vuelvan,1
palancas,1
prioritario,1
rehabilitar,1
refinerías,1
deplorable,1
refi,1
nería,1
modernización,2
generadoras,1
hidroeléctricas,1
operan,1
maquina,1
producen,1
ambas,1
extraordinarios,1
respectivas,1
infraestructuras,1
revisará,1
cargas,1
fertilizantes,5
apoyar,5
productores,10
agrícolas,2
superarán,1
blaciones,1
generados,1
inconformidades,1
altas,1
incor,1
poración,1
energía,3
fuentes,2
fun,1
damentales,1
munidades,1
aisladas,1
carecen,1
suman,1
pie,2
ramo,1
alentar,1
reindustrialización,1
vuelva,1
conseguirá,1
salarial,1
producti,2
vos,1
remunerados,1
económicamente,1
activa,1
perma,1
informal,1
perspec,1
tiva,1
econó,1
mica,1
informales,1
niega,1
colocar,1
consumido,2
fisco,1
considerarlos,1
fomentará,1
facilitando,1
consti,1
tuyen,1
reduciendo,1
simplificando,1
requisitos,1
nuevas,1
comer,1
cio,1
solidaria,1
carece,1
existe,1
sola,1
sucursal,1
cajero,1
mático,1
bansefi,1
bancarios,1
neficiarios,1
dispersión,1
generen,1
ampliará,1
siete,1
beceras,1
carreteras,2
concreto,1
generará,1
reactivará,1
economías,1
desalentará,1
inalámbrico,1
ofrecerá,2
conexión,1
carrete,1
comunitarios,1
deprimidas,1
s,2
l,1
m,2
á,1
p,2
r,2
n,2
c,1
d,1
fraestructura,2
socioeconómico,1
turismo,2
recorrido,2
pasará,2
inter,1
conectará,1
sitios,2
península,2
férreas,1
tendidos,1
eléctricos,1
taciones,1
requerirá,1
priva,1
derrama,1
soste,1
nible,1
proteger,1
alentando,1
tala,1
especies,1
propiciar,1
procurará,1
integrar,1
ficios,1
gestionarán,1
acuerdos,2
respectivos,1
benéficos,1
invadidas,1
pedi,1
aprobación,1
origi,1
narios,1
consultas,1
istmo,4
tehuantepec,2
oaxaqueño,1
veracruzano,1
eje,2
aprovechará,1
competir,2
mercados,1
mundiales,1
movilización,1
cancías,1
combinado,1
dios,1
modernizará,1
ferrocarril,1
coatzacoalcos,2
salina,1
cruz,1
carga,1
almacenaje,1
embalaje,1
logísticos,1
fortalecerá,1
cami,1
aeroportuaria,2
construirá,3
gasoducto,1
abastecer,1
domésticos,1
océanos,1
crearán,1
inversio,1
privado,1
dotarán,1
garantizará,1
conectividad,1
cubrir,1
trabajadora,1
oaxaqueños,1
veracruzanos,1
volucrados,1
disminuirán,1
iva,2
isr,2
combustible,1
reducidos,1
urbana,1
proveerá,1
capital,1
tecnológico,2
invertirán,1
fijado,1
costos,1
opciones,1
realizada,1
obtuvo,1
autoriza,1
binnizá,1
zapoteco,1
ayuuk,1
mixe,1
zoque,1
ikoots,1
hua,1
ve,2
chontal,1
chinanteco,1
mazateco,1
mixteco,1
popoluca,1
náhuatl,1
afromexicano,1
acuerdo,1
declaración,1
pezó,1
enero,1
fronterizos,1
tenecientes,1
baja,1
california,1
sonora,1
coahuila,1
león,1
genera,1
bruto,1
disminución,1
precio,1
sumará,1
tro,1
conformar,1
triada,1
terminales,1
aéreas,1
cuentan,1
toluca,1
can,1
celación,1
aeroportuario,1
texcoco,1
edifica,1
terminal,2
aérea,1
estimado,1
pistas,1
ope,2
operaciones,1
aé,1
reas,1
pasajeros,1
tercer,1
campoel,1
devastados,1
destruyeron,1
canismos,1
resultaban,1
orientó,1
toral,1
propició,1
vaciamiento,1
vivido,1
siglos,1
padecieron,1
ticular,1
intensidad,1
favorecido,1
implantación,2
agroindustrias,1
mega,1
comuneros,1
eji,1
datarios,1
resto,1
importa,1
consume,1
insu,1
maquinaria,2
agricultura,2
propuesto,1
obje,1
tivos,1
romper,1
círculo,1
vicioso,1
guientes,1
beneficiará,1
ños,2
medianos,1
conforman,1
vas,1
ductores,2
canaliza,1
hectárea,3
anticipación,1
siembras,1
impulsa,1
agroecológicas,1
tentables,1
suelo,2
alienta,1
semillas,2
apropiado,1
renovable,1
parcelas,2
cafetaleros,1
cañeros,1
establecerán,1
emergentes,1
orientados,1
café,3
caña,3
azúcar,3
estaremos,1
beneficiando,1
doscientos,1
cincuenta,1
canalizar,1
productor,3
grama,2
otorgando,1
orientan,1
pulsar,1
renovación,1
cafetales,1
mejores,1
genéticos,1
agregación,1
mejor,6
biodiversidad,1
maíz,3
frijol,3
trigo,2
panificable,1
arroz,3
leche,4
establecieron,1
alimentos,2
pagará,1
cosecha,1
tonelada,1
centavos,1
litro,1
aumento,1
promedio,2
consiste,1
entregar,1
novillonas,1
toro,1
adquirir,1
autorizado,1
ejidatarios,1
químicos,1
biológicos,1
dañen,1
suelos,1
iniciará,1
planta,1
organismo,1
segalmex,1
agroalimentarios,1
distribuir,2
mejoradas,1
contribuya,1
elevar,1
indus,1
trialización,1
deriva,1
comercialización,1
excedentes,1
dentro,1
micro,1
asociadas,1
comercializa,1
alimenticios,1
vinculadas,1
canasta,1
tecnológica,1
apoyará,1
académicos,1
estímulos,1
conacyt,1
coordinará,1
innovación,1
activación,3
tivación,1
relacionadas,1
sedentarismo,1
sobrepeso,1
obesidad,1
conade,1
participará,1
incentivar,1
bi,1
cicleta,1
urbanas,1
transversales,1
ligas,1
interescolares,1
intermuni,1
cipales,1
discapaci,1
semilleros,1
atletas,1
públicosya,1
sentará,1
ba,1
ses,1
sita,1
profesores,1
preparados,1
recibiendo,1
entrenadores,2
horas,1
semana,1
sirvan,1
catalizador,1
añadimos,1
creó,1
béisbol,1
caminata,1
boxeo,1
rendimiento,3
deportistas,2
destacados,1
disciplinas,1
competencias,1
internacio,1
nales,1
apoyados,1
atendidos,1
ayude,1
mejore,1
logros,1
plano,1
tendremos,1
sano,1
niñez,1
juventud,1
plenasen,1
expresó,1
contundente,1
anhelo,1
pacífico,1
solidario,1
democrático,1
próspero,1
feliz,1
próximos,1
trabajarán,1
descanso,1
rar,1
guber,1
namentales,1
involucra,1
entero,1
aportar,1
ánimo,1
transformado,1
modelar,1
mejora,1
radical,1
prevalecían,1
saneadas,1
confiables,1
respetuosas,1
involucrada,1
irá,1
acompa,1
ñado,1
alcanzado,3
entonces,3
tasa,1
deberá,2
sufi,1
cientes,1
absorber,1
demanda,1
incorporando,1
brán,1
surtido,1
contará,1
joven,1
desee,1
cursar,1
licenciatura,1
quedará,1
ninguno,1
desem,1
pleo,1
subempleo,1
informalidad,1
después,1
habrán,5
logrado,1
fortalecido,1
grue,1
consumir,1
algo,1
sucede,1
ahora,1
erradicada,1
carentes,1
dicinas,1
pensiones,1
justas,1
estrecheces,1
cumplirse,1
meta,1
autosufi,1
car,1
cerdo,1
aves,1
huevos,1
disminuido,1
considerablemente,1
pecuaria,1
balanza,1
dejará,1
deficitaria,1
brá,2
garantizado,1
flora,1
fauna,1
reforestado,1
ríos,1
arroyos,1
lagunas,1
estarán,2
recuperados,1
saneados,1
aguas,1
adecuado,1
desechos,1
generalizadas,1
expandido,1
cuidado,1
último,2
cesado,1
crecerá,1
distribuida,1
encontrarán,1
desarrollando,1
lado,1
arrai,1
gados,2
reducida,1
retirada,1
verán,1
empujados,1
ductas,1
privará,1
semille,1
homicidios,1
dolosos,1
secuestros,1
casa,1
habitación,1
calles,1
reducido,1
compara,1
dejado,1
vergonzosa,1
cuello,1
blanco,1
impunidad,1
prevalecido,1
norma,2
quedado,2
excepcionales,1
inmediatamente,1
investi,1
excepción,1
acatamien,1
regirá,1
compra,1
formas,1
adulteración,1
recuerdo,1
realicen,1
demostrado,1
deseable,1
respetar,1
sufragio,1
cionar,1
fraudulentas,1
incorporado,1
sustancial,1
consu,1
mado,1
veracidad,1
semejantes,1
impedir,1
corrup,1
predo,1
mino,1
lucro,1
abril,1
